#SXD20|20011|50541|50620|2016.11.02 09:29:38|c2_dev_zinc_ps|utf8|50|865|
#TA oflxreoai_activities`17`16384|oflxreoai_addresses`0`16384|oflxreoai_banners`0`16384|oflxreoai_categories`0`16384|oflxreoai_countries`239`16384|oflxreoai_coupons`0`16384|oflxreoai_coupons_history`0`16384|oflxreoai_currencies`301`49152|oflxreoai_customer_groups`1`16384|oflxreoai_customers`0`16384|oflxreoai_customers_online`65`16384|oflxreoai_extensions`19`16384|oflxreoai_languages`2`16384|oflxreoai_layout_modules`13`16384|oflxreoai_layout_routes`14`16384|oflxreoai_layouts`8`16384|oflxreoai_location_tables`0`16384|oflxreoai_locations`1`16384|oflxreoai_mail_templates`1`16384|oflxreoai_mail_templates_data`12`131072|oflxreoai_mealtimes`3`16384|oflxreoai_menu_option_values`0`16384|oflxreoai_menu_options`0`16384|oflxreoai_menus`0`16384|oflxreoai_menus_specials`0`16384|oflxreoai_message_meta`0`16384|oflxreoai_messages`0`16384|oflxreoai_migrations`2`16384|oflxreoai_option_values`0`16384|oflxreoai_options`0`16384|oflxreoai_order_menus`0`16384|oflxreoai_order_options`0`16384|oflxreoai_order_totals`0`16384|oflxreoai_orders`0`16384|oflxreoai_pages`2`16384|oflxreoai_permalinks`1`16384|oflxreoai_permissions`45`16384|oflxreoai_pp_payments`0`16384|oflxreoai_reservations`0`16384|oflxreoai_reviews`0`16384|oflxreoai_security_questions`6`16384|oflxreoai_settings`75`16384|oflxreoai_staff_groups`1`16384|oflxreoai_staffs`2`16384|oflxreoai_status_history`0`16384|oflxreoai_statuses`9`16384|oflxreoai_tables`0`16384|oflxreoai_uri_routes`3`16384|oflxreoai_users`2`16384|oflxreoai_working_hours`21`16384
#EOH

#	TC`oflxreoai_activities`utf8_general_ci	;
CREATE TABLE `oflxreoai_activities` (
  `activity_id` int(11) NOT NULL AUTO_INCREMENT,
  `domain` varchar(10) NOT NULL,
  `context` varchar(128) NOT NULL,
  `user` varchar(10) NOT NULL,
  `user_id` int(11) NOT NULL,
  `action` varchar(32) NOT NULL,
  `message` text NOT NULL,
  `status` tinyint(4) NOT NULL,
  `date_added` datetime NOT NULL,
  PRIMARY KEY (`activity_id`)
) ENGINE=InnoDB AUTO_INCREMENT=18 DEFAULT CHARSET=utf8	;
#	TD`oflxreoai_activities`utf8_general_ci	;
INSERT INTO `oflxreoai_activities` VALUES 
(1,'admin','staffs','staff',11,'logged in','<a href=\"http://kfc.dev5.dev-man.ru/admin/staffs/edit?id=11\">admin</a> <b>logged</b> in.',0,'2016-07-27 09:47:40'),
(2,'admin','staffs','staff',11,'logged in','<a href=\"http://dev.zinc.ps/admin/staffs/edit?id=11\">admin</a> <b>logged</b> in.',0,'2016-10-13 10:57:08'),
(3,'admin','staffs','staff',11,'logged in','<a href=\"http://dev.zinc.ps/admin/staffs/edit?id=11\">admin</a> <b>logged</b> in.',0,'2016-10-13 10:57:21'),
(4,'admin','staffs','staff',11,'logged in','<a href=\"http://dev.zinc.ps/admin/staffs/edit?id=11\">admin</a> <b>logged</b> in.',0,'2016-10-13 11:42:31'),
(5,'admin','themes','staff',11,'copied','admin <b>copied</b> theme <b>TastyIgniter Orange.</b>',0,'2016-10-13 12:01:35'),
(6,'admin','themes','staff',11,'deleted','admin <b>deleted</b> theme <b>TastyIgniter Orange Child Theme.</b>',0,'2016-10-13 12:02:21'),
(7,'admin','staffs','staff',11,'logged in','<a href=\"http://dev.zinc.ps/admin/staffs/edit?id=11\">admin</a> <b>logged</b> in.',0,'2016-10-16 08:17:28'),
(8,'admin','staffs','staff',11,'logged in','<a href=\"http://dev.zinc.ps/admin/staffs/edit?id=11\">admin</a> <b>logged</b> in.',0,'2016-10-17 09:19:58'),
(9,'admin','staffs','staff',11,'logged in','<a href=\"http://dev.zinc.ps/admin/staffs/edit?id=11\">admin</a> <b>logged</b> in.',0,'2016-10-17 11:07:33'),
(10,'admin','staffs','staff',11,'logged in','<a href=\"http://dev.zinc.ps/admin/staffs/edit?id=11\">admin</a> <b>logged</b> in.',0,'2016-10-24 11:52:43'),
(11,'admin','staffs','staff',11,'logged in','<a href=\"http://dev.zinc.ps/admin/staffs/edit?id=11\">admin</a> <b>logged</b> in.',0,'2016-10-25 08:19:28'),
(12,'admin','staffs','staff',11,'logged in','<a href=\"http://dev.zinc.ps/admin/staffs/edit?id=11\">admin</a> <b>logged</b> in.',0,'2016-10-26 13:57:49'),
(13,'admin','locations','staff',11,'added','admin <b>added</b> location <a href=\"http://dev.zinc.ps/admin/locations/edit?id=1\"><b>زنك - سندويشة البيت.</b></a>',0,'2016-10-27 10:33:08'),
(14,'admin','staffs','staff',11,'logged in','<a href=\"http://dev.zinc.ps/admin/staffs/edit?id=11\">admin</a> <b>logged</b> in.',0,'2016-10-27 12:30:20'),
(15,'admin','staffs','staff',11,'logged in','<a href=\"http://dev.zinc.ps/admin/staffs/edit?id=11\">admin</a> <b>logged</b> in.',0,'2016-11-02 09:04:13'),
(16,'admin','staffs','staff',11,'logged out','<a href=\"http://dev.zinc.ps/admin/staffs/edit?id=11\">admin</a> <b>logged</b> out.',0,'2016-11-02 09:10:19'),
(17,'admin','staffs','staff',11,'logged in','<a href=\"http://dev.zinc.ps/admin/staffs/edit?id=11\">admin</a> <b>logged</b> in.',0,'2016-11-02 09:23:50')	;
#	TC`oflxreoai_addresses`utf8_general_ci	;
CREATE TABLE `oflxreoai_addresses` (
  `address_id` int(11) NOT NULL AUTO_INCREMENT,
  `customer_id` int(15) NOT NULL,
  `address_1` varchar(128) NOT NULL,
  `address_2` varchar(128) NOT NULL,
  `city` varchar(128) NOT NULL,
  `state` varchar(128) NOT NULL,
  `postcode` varchar(10) NOT NULL,
  `country_id` int(11) NOT NULL,
  PRIMARY KEY (`address_id`)
) ENGINE=InnoDB DEFAULT CHARSET=utf8	;
#	TC`oflxreoai_banners`utf8_general_ci	;
CREATE TABLE `oflxreoai_banners` (
  `banner_id` int(11) NOT NULL AUTO_INCREMENT,
  `name` varchar(255) NOT NULL,
  `type` char(8) NOT NULL,
  `click_url` varchar(255) NOT NULL,
  `language_id` int(11) NOT NULL,
  `alt_text` varchar(255) NOT NULL,
  `image_code` text NOT NULL,
  `custom_code` text NOT NULL,
  `status` tinyint(1) NOT NULL,
  PRIMARY KEY (`banner_id`)
) ENGINE=InnoDB DEFAULT CHARSET=utf8	;
#	TC`oflxreoai_categories`utf8_general_ci	;
CREATE TABLE `oflxreoai_categories` (
  `category_id` int(11) NOT NULL AUTO_INCREMENT,
  `name` varchar(32) NOT NULL,
  `description` text NOT NULL,
  `parent_id` int(11) NOT NULL,
  `priority` int(11) NOT NULL,
  `image` varchar(255) NOT NULL,
  `status` tinyint(4) NOT NULL DEFAULT '1',
  PRIMARY KEY (`category_id`)
) ENGINE=InnoDB DEFAULT CHARSET=utf8	;
#	TC`oflxreoai_countries`utf8_general_ci	;
CREATE TABLE `oflxreoai_countries` (
  `country_id` int(11) NOT NULL AUTO_INCREMENT,
  `country_name` varchar(128) NOT NULL,
  `iso_code_2` varchar(2) NOT NULL,
  `iso_code_3` varchar(3) NOT NULL,
  `format` text NOT NULL,
  `status` tinyint(1) NOT NULL,
  `flag` varchar(255) NOT NULL,
  PRIMARY KEY (`country_id`)
) ENGINE=InnoDB AUTO_INCREMENT=240 DEFAULT CHARSET=utf8	;
#	TD`oflxreoai_countries`utf8_general_ci	;
INSERT INTO `oflxreoai_countries` VALUES 
(1,'Afghanistan','AF','AFG','',1,'data/flags/af.png'),
(2,'Albania','AL','ALB','',1,'data/flags/al.png'),
(3,'Algeria','DZ','DZA','',1,'data/flags/dz.png'),
(4,'American Samoa','AS','ASM','',1,'data/flags/as.png'),
(5,'Andorra','AD','AND','',1,'data/flags/ad.png'),
(6,'Angola','AO','AGO','',1,'data/flags/ao.png'),
(7,'Anguilla','AI','AIA','',1,'data/flags/ai.png'),
(8,'Antarctica','AQ','ATA','',1,'data/flags/aq.png'),
(9,'Antigua and Barbuda','AG','ATG','',1,'data/flags/ag.png'),
(10,'Argentina','AR','ARG','',1,'data/flags/ar.png'),
(11,'Armenia','AM','ARM','',1,'data/flags/am.png'),
(12,'Aruba','AW','ABW','',1,'data/flags/aw.png'),
(13,'Australia','AU','AUS','',1,'data/flags/au.png'),
(14,'Austria','AT','AUT','',1,'data/flags/at.png'),
(15,'Azerbaijan','AZ','AZE','',1,'data/flags/az.png'),
(16,'Bahamas','BS','BHS','',1,'data/flags/bs.png'),
(17,'Bahrain','BH','BHR','',1,'data/flags/bh.png'),
(18,'Bangladesh','BD','BGD','',1,'data/flags/bd.png'),
(19,'Barbados','BB','BRB','',1,'data/flags/bb.png'),
(20,'Belarus','BY','BLR','',1,'data/flags/by.png'),
(21,'Belgium','BE','BEL','',1,'data/flags/be.png'),
(22,'Belize','BZ','BLZ','',1,'data/flags/bz.png'),
(23,'Benin','BJ','BEN','',1,'data/flags/bj.png'),
(24,'Bermuda','BM','BMU','',1,'data/flags/bm.png'),
(25,'Bhutan','BT','BTN','',1,'data/flags/bt.png'),
(26,'Bolivia','BO','BOL','',1,'data/flags/bo.png'),
(27,'Bosnia and Herzegowina','BA','BIH','',1,'data/flags/ba.png'),
(28,'Botswana','BW','BWA','',1,'data/flags/bw.png'),
(29,'Bouvet Island','BV','BVT','',1,'data/flags/bv.png'),
(30,'Brazil','BR','BRA','',1,'data/flags/br.png'),
(31,'British Indian Ocean Territory','IO','IOT','',1,'data/flags/io.png'),
(32,'Brunei Darussalam','BN','BRN','',1,'data/flags/bn.png'),
(33,'Bulgaria','BG','BGR','',1,'data/flags/bg.png'),
(34,'Burkina Faso','BF','BFA','',1,'data/flags/bf.png'),
(35,'Burundi','BI','BDI','',1,'data/flags/bi.png'),
(36,'Cambodia','KH','KHM','',1,'data/flags/kh.png'),
(37,'Cameroon','CM','CMR','',1,'data/flags/cm.png'),
(38,'Canada','CA','CAN','',1,'data/flags/ca.png'),
(39,'Cape Verde','CV','CPV','',1,'data/flags/cv.png'),
(40,'Cayman Islands','KY','CYM','',1,'data/flags/ky.png'),
(41,'Central African Republic','CF','CAF','',1,'data/flags/cf.png'),
(42,'Chad','TD','TCD','',1,'data/flags/td.png'),
(43,'Chile','CL','CHL','',1,'data/flags/cl.png'),
(44,'China','CN','CHN','',1,'data/flags/cn.png'),
(45,'Christmas Island','CX','CXR','',1,'data/flags/cx.png'),
(46,'Cocos (Keeling) Islands','CC','CCK','',1,'data/flags/cc.png'),
(47,'Colombia','CO','COL','',1,'data/flags/co.png'),
(48,'Comoros','KM','COM','',1,'data/flags/km.png'),
(49,'Congo','CG','COG','',1,'data/flags/cg.png'),
(50,'Cook Islands','CK','COK','',1,'data/flags/ck.png'),
(51,'Costa Rica','CR','CRI','',1,'data/flags/cr.png'),
(52,'Cote D\'Ivoire','CI','CIV','',1,'data/flags/ci.png'),
(53,'Croatia','HR','HRV','',1,'data/flags/hr.png'),
(54,'Cuba','CU','CUB','',1,'data/flags/cu.png'),
(55,'Cyprus','CY','CYP','',1,'data/flags/cy.png'),
(56,'Czech Republic','CZ','CZE','',1,'data/flags/cz.png'),
(57,'Denmark','DK','DNK','',1,'data/flags/dk.png'),
(58,'Djibouti','DJ','DJI','',1,'data/flags/dj.png'),
(59,'Dominica','DM','DMA','',1,'data/flags/dm.png'),
(60,'Dominican Republic','DO','DOM','',1,'data/flags/do.png'),
(61,'East Timor','TP','TMP','',1,'data/flags/tp.png'),
(62,'Ecuador','EC','ECU','',1,'data/flags/ec.png'),
(63,'Egypt','EG','EGY','',1,'data/flags/eg.png'),
(64,'El Salvador','SV','SLV','',1,'data/flags/sv.png'),
(65,'Equatorial Guinea','GQ','GNQ','',1,'data/flags/gq.png'),
(66,'Eritrea','ER','ERI','',1,'data/flags/er.png'),
(67,'Estonia','EE','EST','',1,'data/flags/ee.png'),
(68,'Ethiopia','ET','ETH','',1,'data/flags/et.png'),
(69,'Falkland Islands (Malvinas)','FK','FLK','',1,'data/flags/fk.png'),
(70,'Faroe Islands','FO','FRO','',1,'data/flags/fo.png'),
(71,'Fiji','FJ','FJI','',1,'data/flags/fj.png'),
(72,'Finland','FI','FIN','',1,'data/flags/fi.png'),
(73,'France','FR','FRA','',1,'data/flags/fr.png'),
(74,'France, Metropolitan','FX','FXX','',1,'data/flags/fx.png'),
(75,'French Guiana','GF','GUF','',1,'data/flags/gf.png'),
(76,'French Polynesia','PF','PYF','',1,'data/flags/pf.png'),
(77,'French Southern Territories','TF','ATF','',1,'data/flags/tf.png'),
(78,'Gabon','GA','GAB','',1,'data/flags/ga.png'),
(79,'Gambia','GM','GMB','',1,'data/flags/gm.png'),
(80,'Georgia','GE','GEO','',1,'data/flags/ge.png'),
(81,'Germany','DE','DEU','',1,'data/flags/de.png'),
(82,'Ghana','GH','GHA','',1,'data/flags/gh.png'),
(83,'Gibraltar','GI','GIB','',1,'data/flags/gi.png'),
(84,'Greece','GR','GRC','',1,'data/flags/gr.png'),
(85,'Greenland','GL','GRL','',1,'data/flags/gl.png'),
(86,'Grenada','GD','GRD','',1,'data/flags/gd.png'),
(87,'Guadeloupe','GP','GLP','',1,'data/flags/gp.png'),
(88,'Guam','GU','GUM','',1,'data/flags/gu.png'),
(89,'Guatemala','GT','GTM','',1,'data/flags/gt.png'),
(90,'Guinea','GN','GIN','',1,'data/flags/gn.png'),
(91,'Guinea-bissau','GW','GNB','',1,'data/flags/gw.png'),
(92,'Guyana','GY','GUY','',1,'data/flags/gy.png'),
(93,'Haiti','HT','HTI','',1,'data/flags/ht.png'),
(94,'Heard and Mc Donald Islands','HM','HMD','',1,'data/flags/hm.png'),
(95,'Honduras','HN','HND','',1,'data/flags/hn.png'),
(96,'Hong Kong','HK','HKG','',1,'data/flags/hk.png'),
(97,'Hungary','HU','HUN','',1,'data/flags/hu.png'),
(98,'Iceland','IS','ISL','',1,'data/flags/is.png'),
(99,'India','IN','IND','',1,'data/flags/in.png'),
(100,'Indonesia','ID','IDN','',1,'data/flags/id.png'),
(101,'Iran (Islamic Republic of)','IR','IRN','',1,'data/flags/ir.png'),
(102,'Iraq','IQ','IRQ','',1,'data/flags/iq.png'),
(103,'Ireland','IE','IRL','',1,'data/flags/ie.png'),
(104,'Israel','IL','ISR','',1,'data/flags/il.png'),
(105,'Italy','IT','ITA','',1,'data/flags/it.png'),
(106,'Jamaica','JM','JAM','',1,'data/flags/jm.png'),
(107,'Japan','JP','JPN','',1,'data/flags/jp.png'),
(108,'Jordan','JO','JOR','',1,'data/flags/jo.png'),
(109,'Kazakhstan','KZ','KAZ','',1,'data/flags/kz.png'),
(110,'Kenya','KE','KEN','',1,'data/flags/ke.png'),
(111,'Kiribati','KI','KIR','',1,'data/flags/ki.png'),
(112,'North Korea','KP','PRK','',1,'data/flags/kp.png'),
(113,'Korea, Republic of','KR','KOR','',1,'data/flags/kr.png'),
(114,'Kuwait','KW','KWT','',1,'data/flags/kw.png'),
(115,'Kyrgyzstan','KG','KGZ','',1,'data/flags/kg.png'),
(116,'Lao People\'s Democratic Republic','LA','LAO','',1,'data/flags/la.png'),
(117,'Latvia','LV','LVA','',1,'data/flags/lv.png'),
(118,'Lebanon','LB','LBN','',1,'data/flags/lb.png'),
(119,'Lesotho','LS','LSO','',1,'data/flags/ls.png'),
(120,'Liberia','LR','LBR','',1,'data/flags/lr.png'),
(121,'Libyan Arab Jamahiriya','LY','LBY','',1,'data/flags/ly.png'),
(122,'Liechtenstein','LI','LIE','',1,'data/flags/li.png'),
(123,'Lithuania','LT','LTU','',1,'data/flags/lt.png'),
(124,'Luxembourg','LU','LUX','',1,'data/flags/lu.png'),
(125,'Macau','MO','MAC','',1,'data/flags/mo.png'),
(126,'FYROM','MK','MKD','',1,'data/flags/mk.png'),
(127,'Madagascar','MG','MDG','',1,'data/flags/mg.png'),
(128,'Malawi','MW','MWI','',1,'data/flags/mw.png'),
(129,'Malaysia','MY','MYS','',1,'data/flags/my.png'),
(130,'Maldives','MV','MDV','',1,'data/flags/mv.png'),
(131,'Mali','ML','MLI','',1,'data/flags/ml.png'),
(132,'Malta','MT','MLT','',1,'data/flags/mt.png'),
(133,'Marshall Islands','MH','MHL','',1,'data/flags/mh.png'),
(134,'Martinique','MQ','MTQ','',1,'data/flags/mq.png'),
(135,'Mauritania','MR','MRT','',1,'data/flags/mr.png'),
(136,'Mauritius','MU','MUS','',1,'data/flags/mu.png'),
(137,'Mayotte','YT','MYT','',1,'data/flags/yt.png'),
(138,'Mexico','MX','MEX','',1,'data/flags/mx.png'),
(139,'Micronesia, Federated States of','FM','FSM','',1,'data/flags/fm.png'),
(140,'Moldova, Republic of','MD','MDA','',1,'data/flags/md.png'),
(141,'Monaco','MC','MCO','',1,'data/flags/mc.png'),
(142,'Mongolia','MN','MNG','',1,'data/flags/mn.png'),
(143,'Montserrat','MS','MSR','',1,'data/flags/ms.png'),
(144,'Morocco','MA','MAR','',1,'data/flags/ma.png'),
(145,'Mozambique','MZ','MOZ','',1,'data/flags/mz.png'),
(146,'Myanmar','MM','MMR','',1,'data/flags/mm.png'),
(147,'Namibia','NA','NAM','',1,'data/flags/na.png'),
(148,'Nauru','NR','NRU','',1,'data/flags/nr.png'),
(149,'Nepal','NP','NPL','',1,'data/flags/np.png'),
(150,'Netherlands','NL','NLD','',1,'data/flags/nl.png'),
(151,'Netherlands Antilles','AN','ANT','',1,'data/flags/an.png'),
(152,'New Caledonia','NC','NCL','',1,'data/flags/nc.png'),
(153,'New Zealand','NZ','NZL','',1,'data/flags/nz.png'),
(154,'Nicaragua','NI','NIC','',1,'data/flags/ni.png'),
(155,'Niger','NE','NER','',1,'data/flags/ne.png'),
(156,'Nigeria','NG','NGA','',1,'data/flags/ng.png'),
(157,'Niue','NU','NIU','',1,'data/flags/nu.png'),
(158,'Norfolk Island','NF','NFK','',1,'data/flags/nf.png'),
(159,'Northern Mariana Islands','MP','MNP','',1,'data/flags/mp.png'),
(160,'Norway','NO','NOR','',1,'data/flags/no.png'),
(161,'Oman','OM','OMN','',1,'data/flags/om.png'),
(162,'Pakistan','PK','PAK','',1,'data/flags/pk.png'),
(163,'Palau','PW','PLW','',1,'data/flags/pw.png'),
(164,'Panama','PA','PAN','',1,'data/flags/pa.png'),
(165,'Papua New Guinea','PG','PNG','',1,'data/flags/pg.png'),
(166,'Paraguay','PY','PRY','',1,'data/flags/py.png'),
(167,'Peru','PE','PER','',1,'data/flags/pe.png'),
(168,'Philippines','PH','PHL','',1,'data/flags/ph.png'),
(169,'Pitcairn','PN','PCN','',1,'data/flags/pn.png'),
(170,'Poland','PL','POL','',1,'data/flags/pl.png'),
(171,'Portugal','PT','PRT','',1,'data/flags/pt.png'),
(172,'Puerto Rico','PR','PRI','',1,'data/flags/pr.png'),
(173,'Qatar','QA','QAT','',1,'data/flags/qa.png'),
(174,'Reunion','RE','REU','',1,'data/flags/re.png'),
(175,'Romania','RO','ROM','',1,'data/flags/ro.png'),
(176,'Russian Federation','RU','RUS','',1,'data/flags/ru.png'),
(177,'Rwanda','RW','RWA','',1,'data/flags/rw.png'),
(178,'Saint Kitts and Nevis','KN','KNA','',1,'data/flags/kn.png'),
(179,'Saint Lucia','LC','LCA','',1,'data/flags/lc.png'),
(180,'Saint Vincent and the Grenadines','VC','VCT','',1,'data/flags/vc.png'),
(181,'Samoa','WS','WSM','',1,'data/flags/ws.png'),
(182,'San Marino','SM','SMR','',1,'data/flags/sm.png'),
(183,'Sao Tome and Principe','ST','STP','',1,'data/flags/st.png'),
(184,'Saudi Arabia','SA','SAU','',1,'data/flags/sa.png'),
(185,'Senegal','SN','SEN','',1,'data/flags/sn.png'),
(186,'Seychelles','SC','SYC','',1,'data/flags/sc.png'),
(187,'Sierra Leone','SL','SLE','',1,'data/flags/sl.png'),
(188,'Singapore','SG','SGP','',1,'data/flags/sg.png'),
(189,'Slovak Republic','SK','SVK','',1,'data/flags/sk.png'),
(190,'Slovenia','SI','SVN','',1,'data/flags/si.png'),
(191,'Solomon Islands','SB','SLB','',1,'data/flags/sb.png'),
(192,'Somalia','SO','SOM','',1,'data/flags/so.png'),
(193,'South Africa','ZA','ZAF','',1,'data/flags/za.png'),
(194,'South Georgia &amp; South Sandwich Islands','GS','SGS','',1,'data/flags/gs.png'),
(195,'Spain','ES','ESP','',1,'data/flags/es.png'),
(196,'Sri Lanka','LK','LKA','',1,'data/flags/lk.png'),
(197,'St. Helena','SH','SHN','',1,'data/flags/sh.png'),
(198,'St. Pierre and Miquelon','PM','SPM','',1,'data/flags/pm.png'),
(199,'Sudan','SD','SDN','',1,'data/flags/sd.png'),
(200,'Suriname','SR','SUR','',1,'data/flags/sr.png'),
(201,'Svalbard and Jan Mayen Islands','SJ','SJM','',1,'data/flags/sj.png'),
(202,'Swaziland','SZ','SWZ','',1,'data/flags/sz.png'),
(203,'Sweden','SE','SWE','',1,'data/flags/se.png'),
(204,'Switzerland','CH','CHE','',1,'data/flags/ch.png'),
(205,'Syrian Arab Republic','SY','SYR','',1,'data/flags/sy.png'),
(206,'Taiwan','TW','TWN','',1,'data/flags/tw.png'),
(207,'Tajikistan','TJ','TJK','',1,'data/flags/tj.png'),
(208,'Tanzania, United Republic of','TZ','TZA','',1,'data/flags/tz.png'),
(209,'Thailand','TH','THA','',1,'data/flags/th.png'),
(210,'Togo','TG','TGO','',1,'data/flags/tg.png'),
(211,'Tokelau','TK','TKL','',1,'data/flags/tk.png'),
(212,'Tonga','TO','TON','',1,'data/flags/to.png'),
(213,'Trinidad and Tobago','TT','TTO','',1,'data/flags/tt.png'),
(214,'Tunisia','TN','TUN','',1,'data/flags/tn.png'),
(215,'Turkey','TR','TUR','',1,'data/flags/tr.png'),
(216,'Turkmenistan','TM','TKM','',1,'data/flags/tm.png'),
(217,'Turks and Caicos Islands','TC','TCA','',1,'data/flags/tc.png'),
(218,'Tuvalu','TV','TUV','',1,'data/flags/tv.png'),
(219,'Uganda','UG','UGA','',1,'data/flags/ug.png'),
(220,'Ukraine','UA','UKR','',1,'data/flags/ua.png'),
(221,'United Arab Emirates','AE','ARE','',1,'data/flags/ae.png'),
(222,'United Kingdom','GB','GBR','{address_1}\n{address_2}\n{city} {postcode} {state}\n{country}',1,'data/flags/gb.png'),
(223,'United States','US','USA','',1,'data/flags/us.png'),
(224,'United States Minor Outlying Islands','UM','UMI','',1,'data/flags/um.png'),
(225,'Uruguay','UY','URY','',1,'data/flags/uy.png'),
(226,'Uzbekistan','UZ','UZB','',1,'data/flags/uz.png'),
(227,'Vanuatu','VU','VUT','',1,'data/flags/vu.png'),
(228,'Vatican City State (Holy See)','VA','VAT','',1,'data/flags/va.png'),
(229,'Venezuela','VE','VEN','',1,'data/flags/ve.png'),
(230,'Viet Nam','VN','VNM','',1,'data/flags/vn.png'),
(231,'Virgin Islands (British)','VG','VGB','',1,'data/flags/vg.png'),
(232,'Virgin Islands (U.S.)','VI','VIR','',1,'data/flags/vi.png'),
(233,'Wallis and Futuna Islands','WF','WLF','',1,'data/flags/wf.png'),
(234,'Western Sahara','EH','ESH','',1,'data/flags/eh.png'),
(235,'Yemen','YE','YEM','',1,'data/flags/ye.png'),
(236,'Yugoslavia','YU','YUG','',1,'data/flags/yu.png'),
(237,'Democratic Republic of Congo','CD','COD','',1,'data/flags/cd.png'),
(238,'Zambia','ZM','ZMB','',1,'data/flags/zm.png'),
(239,'Zimbabwe','ZW','ZWE','',1,'data/flags/zw.png')	;
#	TC`oflxreoai_coupons`utf8_general_ci	;
CREATE TABLE `oflxreoai_coupons` (
  `coupon_id` int(11) NOT NULL AUTO_INCREMENT,
  `name` varchar(128) NOT NULL,
  `code` varchar(15) NOT NULL,
  `type` char(1) NOT NULL,
  `discount` decimal(15,4) DEFAULT NULL,
  `min_total` decimal(15,4) DEFAULT NULL,
  `redemptions` int(11) NOT NULL DEFAULT '0',
  `customer_redemptions` int(11) NOT NULL DEFAULT '0',
  `description` text NOT NULL,
  `status` tinyint(1) NOT NULL,
  `date_added` date NOT NULL,
  `validity` char(15) NOT NULL,
  `fixed_date` date DEFAULT NULL,
  `fixed_from_time` time DEFAULT NULL,
  `fixed_to_time` time DEFAULT NULL,
  `period_start_date` date DEFAULT NULL,
  `period_end_date` date DEFAULT NULL,
  `recurring_every` varchar(35) NOT NULL,
  `recurring_from_time` time DEFAULT NULL,
  `recurring_to_time` time DEFAULT NULL,
  `order_restriction` tinyint(4) NOT NULL,
  PRIMARY KEY (`coupon_id`),
  UNIQUE KEY `code` (`code`)
) ENGINE=InnoDB DEFAULT CHARSET=utf8	;
#	TC`oflxreoai_coupons_history`utf8_general_ci	;
CREATE TABLE `oflxreoai_coupons_history` (
  `coupon_history_id` int(11) NOT NULL AUTO_INCREMENT,
  `coupon_id` int(11) NOT NULL,
  `order_id` int(11) NOT NULL,
  `customer_id` int(11) NOT NULL,
  `code` varchar(15) NOT NULL,
  `min_total` decimal(15,4) DEFAULT NULL,
  `amount` decimal(15,4) DEFAULT NULL,
  `date_used` datetime NOT NULL,
  `status` tinyint(4) NOT NULL,
  PRIMARY KEY (`coupon_history_id`)
) ENGINE=InnoDB DEFAULT CHARSET=utf8	;
#	TC`oflxreoai_currencies`utf8_general_ci	;
CREATE TABLE `oflxreoai_currencies` (
  `currency_id` int(11) NOT NULL AUTO_INCREMENT,
  `country_id` int(11) NOT NULL,
  `currency_name` varchar(32) NOT NULL,
  `currency_code` varchar(3) NOT NULL,
  `currency_symbol` varchar(3) NOT NULL,
  `currency_rate` decimal(15,8) NOT NULL,
  `symbol_position` tinyint(4) NOT NULL,
  `thousand_sign` char(1) NOT NULL,
  `decimal_sign` char(1) NOT NULL,
  `decimal_position` char(1) NOT NULL,
  `iso_alpha2` varchar(2) NOT NULL,
  `iso_alpha3` varchar(3) NOT NULL,
  `iso_numeric` int(11) NOT NULL,
  `flag` varchar(6) NOT NULL,
  `currency_status` int(1) NOT NULL,
  `date_modified` datetime NOT NULL,
  PRIMARY KEY (`currency_id`)
) ENGINE=InnoDB AUTO_INCREMENT=240 DEFAULT CHARSET=utf8	;
#	TD`oflxreoai_currencies`utf8_general_ci	;
INSERT INTO `oflxreoai_currencies` VALUES 
(1,1,'Afghani','AFN','؋',101.41640000,0,',','.','2','AF','AFG',4,'AF.png',0,'2016-06-22 03:56:33'),
(2,2,'Lek','ALL','Lek',178.27830000,0,',','.','2','AL','ALB',8,'AL.png',0,'2016-06-22 03:56:33'),
(3,3,'Dinar','DZD','د.ج',161.34690000,0,',','.','2','DZ','DZA',12,'DZ.png',0,'2016-06-22 03:56:33'),
(4,4,'Dollar','USD','$',1.46850000,0,',','.','2','AS','ASM',16,'AS.png',0,'2016-06-22 03:56:53'),
(5,5,'Euro','EUR','€',1.30370000,0,',','.','2','AD','AND',20,'AD.png',0,'2016-06-22 03:56:53'),
(6,6,'Kwanza','AOA','Kz',243.37140000,0,',','.','2','AO','AGO',24,'AO.png',0,'2016-06-22 03:56:33'),
(7,7,'Dollar','XCD','$',3.96500000,0,',','.','2','AI','AIA',660,'AI.png',0,'2016-06-22 03:56:49'),
(8,8,'Antarctican','AQD','A$',0.00000000,0,',','.','2','AQ','ATA',10,'AQ.png',0,'2016-06-22 03:56:33'),
(9,9,'Dollar','XCD','$',3.96500000,0,',','.','2','AG','ATG',28,'AG.png',0,'2016-06-22 03:56:49'),
(10,10,'Peso','ARS','$',20.49320000,0,',','.','2','AR','ARG',32,'AR.png',0,'2016-06-22 03:56:33'),
(11,11,'Dram','AMD','դր.',699.57590000,0,',','.','2','AM','ARM',51,'AM.png',0,'2016-06-22 03:56:33'),
(12,12,'Guilder','AWG','ƒ',2.62870000,0,',','.','2','AW','ABW',533,'AW.png',0,'2016-06-22 03:56:33'),
(13,13,'Dollar','AUD','$',1.96840000,0,',','.','2','AU','AUS',36,'AU.png',1,'2016-06-22 03:56:52'),
(14,14,'Euro','EUR','€',1.30370000,0,',','.','2','AT','AUT',40,'AT.png',0,'2016-06-22 03:56:53'),
(15,15,'Manat','AZN','ман',2.24920000,0,',','.','2','AZ','AZE',31,'AZ.png',0,'2016-06-22 03:56:33'),
(16,16,'Dollar','BSD','$',1.47870000,0,',','.','2','BS','BHS',44,'BS.png',0,'2016-06-22 03:56:33'),
(17,17,'Dinar','BHD','.د.',0.55380000,0,',','.','2','BH','BHR',48,'BH.png',0,'2016-06-22 03:56:34'),
(18,18,'Taka','BDT','৳',116.00850000,0,',','.','2','BD','BGD',50,'BD.png',0,'2016-06-22 03:56:34'),
(19,19,'Dollar','BBD','$',2.93710000,0,',','.','2','BB','BRB',52,'BB.png',0,'2016-06-22 03:56:34'),
(20,20,'Ruble','BYR','p.',29032.74220000,0,',','.','2','BY','BLR',112,'BY.png',0,'2016-06-22 03:56:34'),
(21,21,'Euro','EUR','€',1.30370000,0,',','.','2','BE','BEL',56,'BE.png',0,'2016-06-22 03:56:53'),
(22,22,'Dollar','BZD','BZ$',2.95170000,0,',','.','2','BZ','BLZ',84,'BZ.png',0,'2016-06-22 03:56:34'),
(23,23,'Franc','XOF','',852.95900000,0,',','.','2','BJ','BEN',204,'BJ.png',0,'2016-06-22 03:56:52'),
(24,24,'Dollar','BMD','$',1.46860000,0,',','.','2','BM','BMU',60,'BM.png',0,'2016-06-22 03:56:34'),
(25,25,'Ngultrum','BTN','Nu.',99.15480000,0,',','.','2','BT','BTN',64,'BT.png',0,'2016-06-22 03:56:34'),
(26,26,'Boliviano','BOB','$b',10.11080000,0,',','.','2','BO','BOL',68,'BO.png',0,'2016-06-22 03:56:34'),
(27,27,'Marka','BAM','KM',2.54320000,0,',','.','2','BA','BIH',70,'BA.png',0,'2016-06-22 03:56:34'),
(28,28,'Pula','BWP','P',15.93390000,0,',','.','2','BW','BWA',72,'BW.png',0,'2016-06-22 03:56:34'),
(29,29,'Krone','NOK','kr',12.19570000,0,',','.','2','BV','BVT',74,'BV.png',0,'2016-06-22 03:56:51'),
(30,30,'Real','BRL','R$',5.01530000,0,',','.','2','BR','BRA',76,'BR.png',0,'2016-06-22 03:56:34'),
(31,31,'Dollar','USD','$',1.46850000,0,',','.','2','IO','IOT',86,'IO.png',0,'2016-06-22 03:56:53'),
(32,231,'Dollar','USD','$',1.46850000,0,',','.','2','VG','VGB',92,'VG.png',0,'2016-06-22 03:56:53'),
(33,32,'Dollar','BND','$',1.97050000,0,',','.','2','BN','BRN',96,'BN.png',0,'2016-06-22 03:56:35'),
(34,33,'Lev','BGN','лв',2.55020000,0,',','.','2','BG','BGR',100,'BG.png',0,'2016-06-22 03:56:35'),
(35,34,'Franc','XOF','',852.95900000,0,',','.','2','BF','BFA',854,'BF.png',0,'2016-06-22 03:56:52'),
(36,35,'Franc','BIF','Fr',2466.24440000,0,',','.','2','BI','BDI',108,'BI.png',0,'2016-06-22 03:56:35'),
(37,36,'Riels','KHR','៛',6033.08150000,0,',','.','2','KH','KHM',116,'KH.png',0,'2016-06-22 03:56:35'),
(38,37,'Franc','XAF','FCF',852.95900000,0,',','.','2','CM','CMR',120,'CM.png',0,'2016-06-22 03:56:48'),
(39,38,'Dollar','CAD','$',1.87940000,0,',','.','2','CA','CAN',124,'CA.png',0,'2016-06-22 03:56:35'),
(40,39,'Escudo','CVE','',143.98740000,0,',','.','2','CV','CPV',132,'CV.png',0,'2016-06-22 03:56:35'),
(41,40,'Dollar','KYD','$',1.20420000,0,',','.','2','KY','CYM',136,'KY.png',0,'2016-06-22 03:56:35'),
(42,41,'Franc','XAF','FCF',852.95900000,0,',','.','2','CF','CAF',140,'CF.png',0,'2016-06-22 03:56:48'),
(43,42,'Franc','XAF','',852.95900000,0,',','.','2','TD','TCD',148,'TD.png',0,'2016-06-22 03:56:48'),
(44,43,'Peso','CLP','',1002.84300000,0,',','.','2','CL','CHL',152,'CL.png',0,'2016-06-22 03:56:35'),
(45,44,'Yuan Renminbi','CNY','¥',9.66630000,0,',','.','2','CN','CHN',156,'CN.png',0,'2016-06-22 03:56:36'),
(46,45,'Dollar','AUD','$',1.96840000,0,',','.','2','CX','CXR',162,'CX.png',0,'2016-06-22 03:56:52'),
(47,46,'Dollar','AUD','$',1.96840000,0,',','.','2','CC','CCK',166,'CC.png',0,'2016-06-22 03:56:52'),
(48,47,'Peso','COP','$',4369.50830000,0,',','.','2','CO','COL',170,'CO.png',0,'2016-06-22 03:56:36'),
(49,48,'Franc','KMF','',639.71920000,0,',','.','2','KM','COM',174,'KM.png',0,'2016-06-22 03:56:36'),
(50,50,'Dollar','NZD','$',2.05730000,0,',','.','2','CK','COK',184,'CK.png',0,'2016-06-22 03:56:52'),
(51,51,'Colon','CRC','₡',800.05320000,0,',','.','2','CR','CRI',188,'CR.png',0,'2016-06-22 03:56:36'),
(52,53,'Kuna','HRK','kn',9.80360000,0,',','.','2','HR','HRV',191,'HR.png',0,'2016-06-22 03:56:36'),
(53,54,'Peso','CUP','₱',1.46850000,0,',','.','2','CU','CUB',192,'CU.png',0,'2016-06-22 03:56:36'),
(54,55,'Pound','CYP','',0.76300000,0,',','.','2','CY','CYP',196,'CY.png',0,'2016-06-22 03:56:36'),
(55,56,'Koruna','CZK','Kč',35.28780000,0,',','.','2','CZ','CZE',203,'CZ.png',0,'2016-06-22 03:56:36'),
(56,49,'Franc','CDF','FC',1403.91280000,0,',','.','2','CD','COD',180,'CD.png',0,'2016-06-22 03:56:37'),
(57,57,'Krone','DKK','kr',9.69470000,0,',','.','2','DK','DNK',208,'DK.png',0,'2016-06-22 03:56:39'),
(58,58,'Franc','DJF','',261.21410000,0,',','.','2','DJ','DJI',262,'DJ.png',0,'2016-06-22 03:56:37'),
(59,59,'Dollar','XCD','$',3.96500000,0,',','.','2','DM','DMA',212,'DM.png',0,'2016-06-22 03:56:49'),
(60,60,'Peso','DOP','RD$',67.05290000,0,',','.','2','DO','DOM',214,'DO.png',0,'2016-06-22 03:56:37'),
(61,61,'Dollar','USD','$',1.46850000,0,',','.','2','TL','TLS',626,'TL.png',0,'2016-06-22 03:56:53'),
(62,62,'Dollar','USD','$',1.46850000,0,',','.','2','EC','ECU',218,'EC.png',0,'2016-06-22 03:56:53'),
(63,63,'Pound','EGP','£',13.03990000,0,',','.','2','EG','EGY',818,'EG.png',0,'2016-06-22 03:56:37'),
(64,64,'Colone','SVC','$',12.81580000,0,',','.','2','SV','SLV',222,'SV.png',0,'2016-06-22 03:56:37'),
(65,65,'Franc','XAF','FCF',852.95900000,0,',','.','2','GQ','GNQ',226,'GQ.png',0,'2016-06-22 03:56:48'),
(66,66,'Nakfa','ERN','Nfk',23.76070000,0,',','.','2','ER','ERI',232,'ER.png',0,'2016-06-22 03:56:37'),
(67,67,'Kroon','EEK','kr',0.00000000,0,',','.','2','EE','EST',233,'EE.png',0,'2016-06-22 03:56:38'),
(68,68,'Birr','ETB','',31.95510000,0,',','.','2','ET','ETH',231,'ET.png',0,'2016-06-22 03:56:38'),
(69,69,'Pound','FKP','£',0.96890000,0,',','.','2','FK','FLK',238,'FK.png',0,'2016-06-22 03:56:38'),
(70,70,'Krone','DKK','kr',9.69470000,0,',','.','2','FO','FRO',234,'FO.png',0,'2016-06-22 03:56:39'),
(71,71,'Dollar','FJD','$',3.05180000,0,',','.','2','FJ','FJI',242,'FJ.png',0,'2016-06-22 03:56:38'),
(72,72,'Euro','EUR','€',1.30370000,0,',','.','2','FI','FIN',246,'FI.png',0,'2016-06-22 03:56:53'),
(73,73,'Euro','EUR','€',1.30370000,0,',','.','2','FR','FRA',250,'FR.png',0,'2016-06-22 03:56:53'),
(74,75,'Euro','EUR','€',1.30370000,0,',','.','2','GF','GUF',254,'GF.png',0,'2016-06-22 03:56:53'),
(75,76,'Franc','XPF','',155.17030000,0,',','.','2','PF','PYF',258,'PF.png',0,'2016-06-22 03:56:54'),
(76,77,'Euro  ','EUR','€',1.30370000,0,',','.','2','TF','ATF',260,'TF.png',0,'2016-06-22 03:56:53'),
(77,78,'Franc','XAF','FCF',852.95900000,0,',','.','2','GA','GAB',266,'GA.png',0,'2016-06-22 03:56:48'),
(78,79,'Dalasi','GMD','D',62.92640000,0,',','.','2','GM','GMB',270,'GM.png',0,'2016-06-22 03:56:38'),
(79,80,'Lari','GEL','',3.23810000,0,',','.','2','GE','GEO',268,'GE.png',0,'2016-06-22 03:56:38'),
(80,81,'Euro','EUR','€',1.30370000,0,',','.','2','DE','DEU',276,'DE.png',0,'2016-06-22 03:56:53'),
(81,82,'Cedi','GHC','¢',0.00000000,0,',','.','2','GH','GHA',288,'GH.png',0,'2016-06-22 03:56:38'),
(82,83,'Pound','GIP','£',1.13220000,0,',','.','2','GI','GIB',292,'GI.png',0,'2016-06-22 03:56:39'),
(83,84,'Euro','EUR','€',1.30370000,0,',','.','2','GR','GRC',300,'GR.png',0,'2016-06-22 03:56:53'),
(84,85,'Krone','DKK','kr',9.69470000,0,',','.','2','GL','GRL',304,'GL.png',0,'2016-06-22 03:56:39'),
(85,86,'Dollar','XCD','$',3.96500000,0,',','.','2','GD','GRD',308,'GD.png',0,'2016-06-22 03:56:49'),
(86,87,'Euro','EUR','€',1.30370000,0,',','.','2','GP','GLP',312,'GP.png',0,'2016-06-22 03:56:53'),
(87,88,'Dollar','USD','$',1.46850000,0,',','.','2','GU','GUM',316,'GU.png',0,'2016-06-22 03:56:53'),
(88,89,'Quetzal','GTQ','Q',11.20700000,0,',','.','2','GT','GTM',320,'GT.png',0,'2016-06-22 03:56:39'),
(89,90,'Franc','GNF','',10795.80080000,0,',','.','2','GN','GIN',324,'GN.png',0,'2016-06-22 03:56:39'),
(90,91,'Franc','XOF','',852.95900000,0,',','.','2','GW','GNB',624,'GW.png',0,'2016-06-22 03:56:52'),
(91,92,'Dollar','GYD','$',304.29320000,0,',','.','2','GY','GUY',328,'GY.png',0,'2016-06-22 03:56:39'),
(92,93,'Gourde','HTG','G',92.00570000,0,',','.','2','HT','HTI',332,'HT.png',0,'2016-06-22 03:56:39'),
(93,94,'Dollar','AUD','$',1.96840000,0,',','.','2','HM','HMD',334,'HM.png',0,'2016-06-22 03:56:52'),
(94,95,'Lempira','HNL','L',33.40690000,0,',','.','2','HN','HND',340,'HN.png',0,'2016-06-22 03:56:39'),
(95,96,'Dollar','HKD','$',11.39330000,0,',','.','2','HK','HKG',344,'HK.png',0,'2016-06-22 03:56:40'),
(96,97,'Forint','HUF','Ft',410.20790000,0,',','.','2','HU','HUN',348,'HU.png',0,'2016-06-22 03:56:40'),
(97,98,'Krona','ISK','kr',180.04850000,0,',','.','2','IS','ISL',352,'IS.png',0,'2016-06-22 03:56:40'),
(98,99,'Rupee','INR','₹',99.35080000,0,',','.','2','IN','IND',356,'IN.png',0,'2016-06-22 03:56:40'),
(99,100,'Rupiah','IDR','Rp',19516.69730000,0,',','.','2','ID','IDN',360,'ID.png',0,'2016-06-22 03:56:40'),
(100,101,'Rial','IRR','﷼',44863.43750000,0,',','.','2','IR','IRN',364,'IR.png',0,'2016-06-22 03:56:40'),
(101,102,'Dinar','IQD','',1725.88810000,0,',','.','2','IQ','IRQ',368,'IQ.png',0,'2016-06-22 03:56:40'),
(102,103,'Euro','EUR','€',1.30370000,0,',','.','2','IE','IRL',372,'IE.png',0,'2016-06-22 03:56:53'),
(103,104,'Shekel','ILS','₪',5.66740000,0,',','.','2','IL','ISR',376,'IL.png',0,'2016-06-22 03:56:47'),
(104,105,'Euro','EUR','€',1.30370000,0,',','.','2','IT','ITA',380,'IT.png',0,'2016-06-22 03:56:53'),
(105,52,'Franc','XOF','',852.95900000,0,',','.','2','CI','CIV',384,'CI.png',0,'2016-06-22 03:56:52'),
(106,106,'Dollar','JMD','$',184.59360000,0,',','.','2','JM','JAM',388,'JM.png',0,'2016-06-22 03:56:40'),
(107,107,'Yen','JPY','¥',153.37500000,0,',','.','2','JP','JPN',392,'JP.png',0,'2016-06-22 03:56:41'),
(108,108,'Dinar','JOD','',1.04050000,0,',','.','2','JO','JOR',400,'JO.png',0,'2016-06-22 03:56:41'),
(109,109,'Tenge','KZT','лв',498.91700000,0,',','.','2','KZ','KAZ',398,'KZ.png',0,'2016-06-22 03:56:41'),
(110,110,'Shilling','KES','',148.45710000,0,',','.','2','KE','KEN',404,'KE.png',0,'2016-06-22 03:56:41'),
(111,111,'Dollar','AUD','$',1.96840000,0,',','.','2','KI','KIR',296,'KI.png',0,'2016-06-22 03:56:52'),
(112,114,'Dinar','KWD','د.ك',0.44180000,0,',','.','2','KW','KWT',414,'KW.png',0,'2016-06-22 03:56:41'),
(113,115,'Som','KGS','лв',99.39810000,0,',','.','2','KG','KGZ',417,'KG.png',0,'2016-06-22 03:56:41'),
(114,116,'Kip','LAK','₭',11991.20210000,0,',','.','2','LA','LAO',418,'LA.png',0,'2016-06-22 03:56:41'),
(115,117,'Lat','LVL','Ls',0.98450000,0,',','.','2','LV','LVA',428,'LV.png',0,'2016-06-22 03:56:42'),
(116,118,'Pound','LBP','£',2212.33330000,0,',','.','2','LB','LBN',422,'LB.png',0,'2016-06-22 03:56:42'),
(117,119,'Loti','LSL','L',21.59870000,0,',','.','2','LS','LSO',426,'LS.png',0,'2016-06-22 03:56:42'),
(118,120,'Dollar','LRD','$',124.34000000,0,',','.','2','LR','LBR',430,'LR.png',0,'2016-06-22 03:56:42'),
(119,121,'Dinar','LYD','ل.د',2.01530000,0,',','.','2','LY','LBY',434,'LY.png',0,'2016-06-22 03:56:42'),
(120,122,'Franc','CHF','CHF',1.40930000,0,',','.','2','LI','LIE',438,'LI.png',0,'2016-06-22 03:56:51'),
(121,123,'Litas','LTL','Lt',4.83670000,0,',','.','2','LT','LTU',440,'LT.png',0,'2016-06-22 03:56:42'),
(122,124,'Euro','EUR','€',1.30370000,0,',','.','2','LU','LUX',442,'LU.png',0,'2016-06-22 03:56:53'),
(123,125,'Pataca','MOP','MOP',11.73650000,0,',','.','2','MO','MAC',446,'MO.png',0,'2016-06-22 03:56:42'),
(124,140,'Denar','MKD','ден',80.07140000,0,',','.','2','MK','MKD',807,'MK.png',0,'2016-06-22 03:56:42'),
(125,127,'Ariary','MGA','Ar',4842.46830000,0,',','.','2','MG','MDG',450,'MG.png',0,'2016-06-22 03:56:42'),
(126,128,'Kwacha','MWK','MK',1050.31900000,0,',','.','2','MW','MWI',454,'MW.png',0,'2016-06-22 03:56:42'),
(127,129,'Ringgit','MYR','RM',5.92040000,0,',','.','2','MY','MYS',458,'MY.png',0,'2016-06-22 03:56:42'),
(128,130,'Rufiyaa','MVR','Rf',22.63000000,0,',','.','2','MV','MDV',462,'MV.png',0,'2016-06-22 03:56:43'),
(129,131,'Franc','XOF','MAF',852.95900000,0,',','.','2','ML','MLI',466,'ML.png',0,'2016-06-22 03:56:52'),
(130,132,'Lira','MTL','Lm',0.00000000,0,',','.','2','MT','MLT',470,'MT.png',0,'2016-06-22 03:56:43'),
(131,133,'Dollar','USD','$',1.46850000,0,',','.','2','MH','MHL',584,'MH.png',0,'2016-06-22 03:56:53'),
(132,134,'Euro','EUR','€',1.30370000,0,',','.','2','MQ','MTQ',474,'MQ.png',0,'2016-06-22 03:56:53'),
(133,135,'Ouguiya','MRO','UM',524.26400000,0,',','.','2','MR','MRT',478,'MR.png',0,'2016-06-22 03:56:44'),
(134,136,'Rupee','MUR','₨',51.85360000,0,',','.','2','MU','MUS',480,'MU.png',0,'2016-06-22 03:56:44'),
(135,137,'Euro','EUR','€',1.30370000,0,',','.','2','YT','MYT',175,'YT.png',0,'2016-06-22 03:56:53'),
(136,138,'Peso','MXN','$',27.38480000,0,',','.','2','MX','MEX',484,'MX.png',0,'2016-06-22 03:56:45'),
(137,139,'Dollar','USD','$',1.46850000,0,',','.','2','FM','FSM',583,'FM.png',0,'2016-06-22 03:56:53'),
(138,140,'Leu','MDL','MDL',28.93000000,0,',','.','2','MD','MDA',498,'MD.png',0,'2016-06-22 03:56:45'),
(139,141,'Euro','EUR','€',1.30370000,0,',','.','2','MC','MCO',492,'MC.png',0,'2016-06-22 03:56:53'),
(140,142,'Tugrik','MNT','₮',2859.21900000,0,',','.','2','MN','MNG',496,'MN.png',0,'2016-06-22 03:56:45'),
(141,143,'Dollar','XCD','$',3.96500000,0,',','.','2','MS','MSR',500,'MS.png',0,'2016-06-22 03:56:49'),
(142,144,'Dirham','MAD','',14.24200000,0,',','.','2','MA','MAR',504,'MA.png',0,'2016-06-22 03:56:54'),
(143,145,'Meticail','MZN','MT',90.85770000,0,',','.','2','MZ','MOZ',508,'MZ.png',0,'2016-06-22 03:56:45'),
(144,146,'Kyat','MMK','K',1745.85670000,0,',','.','2','MM','MMR',104,'MM.png',0,'2016-06-22 03:56:45'),
(145,147,'Dollar','NAD','$',21.59870000,0,',','.','2','NA','NAM',516,'NA.png',0,'2016-06-22 03:56:45'),
(146,148,'Dollar','AUD','$',1.96840000,0,',','.','2','NR','NRU',520,'NR.png',0,'2016-06-22 03:56:52'),
(147,149,'Rupee','NPR','₨',158.64770000,0,',','.','2','NP','NPL',524,'NP.png',0,'2016-06-22 03:56:46'),
(148,150,'Euro','EUR','€',1.30370000,0,',','.','2','NL','NLD',528,'NL.png',0,'2016-06-22 03:56:53'),
(149,151,'Guilder','ANG','ƒ',2.62870000,0,',','.','2','AN','ANT',530,'AN.png',0,'2016-06-22 03:56:46'),
(150,152,'Franc','XPF','',155.17030000,0,',','.','2','NC','NCL',540,'NC.png',0,'2016-06-22 03:56:54'),
(151,153,'Dollar','NZD','$',2.05730000,0,',','.','2','NZ','NZL',554,'NZ.png',0,'2016-06-22 03:56:52'),
(152,154,'Cordoba','NIO','C$',41.97010000,0,',','.','2','NI','NIC',558,'NI.png',0,'2016-06-22 03:56:46'),
(153,155,'Franc','XOF','',852.95900000,0,',','.','2','NE','NER',562,'NE.png',0,'2016-06-22 03:56:52'),
(154,156,'Naira','NGN','₦',414.12410000,0,',','.','2','NG','NGA',566,'NG.png',1,'2016-06-22 03:56:46'),
(155,157,'Dollar','NZD','$',2.05730000,0,',','.','2','NU','NIU',570,'NU.png',0,'2016-06-22 03:56:52'),
(156,158,'Dollar','AUD','$',1.96840000,0,',','.','2','NF','NFK',574,'NF.png',0,'2016-06-22 03:56:52'),
(157,112,'Won','KPW','₩',1321.67260000,0,',','.','2','KP','PRK',408,'KP.png',0,'2016-06-22 03:56:47'),
(158,159,'Dollar','USD','$',1.46850000,0,',','.','2','MP','MNP',580,'MP.png',0,'2016-06-22 03:56:53'),
(159,160,'Krone','NOK','kr',12.19570000,0,',','.','2','NO','NOR',578,'NO.png',0,'2016-06-22 03:56:51'),
(160,161,'Rial','OMR','﷼',0.56540000,0,',','.','2','OM','OMN',512,'OM.png',0,'2016-06-22 03:56:47'),
(161,162,'Rupee','PKR','₨',154.81510000,0,',','.','2','PK','PAK',586,'PK.png',0,'2016-06-22 03:56:47'),
(162,163,'Dollar','USD','$',1.46850000,0,',','.','2','PW','PLW',585,'PW.png',0,'2016-06-22 03:56:53'),
(163,0,'Shekel','ILS','₪',5.66740000,0,',','.','2','PS','PSE',275,'PS.png',0,'2016-06-22 03:56:47'),
(164,164,'Balboa','PAB','B/.',1.47870000,0,',','.','2','PA','PAN',591,'PA.png',0,'2016-06-22 03:56:47'),
(165,165,'Kina','PGK','',4.64990000,0,',','.','2','PG','PNG',598,'PG.png',0,'2016-06-22 03:56:47'),
(166,166,'Guarani','PYG','Gs',8201.78710000,0,',','.','2','PY','PRY',600,'PY.png',0,'2016-06-22 03:56:48'),
(167,167,'Sol','PEN','S/.',4.82930000,0,',','.','2','PE','PER',604,'PE.png',0,'2016-06-22 03:56:48'),
(168,168,'Peso','PHP','Php',68.26810000,0,',','.','2','PH','PHL',608,'PH.png',0,'2016-06-22 03:56:48'),
(169,169,'Dollar','NZD','$',2.05730000,0,',','.','2','PN','PCN',612,'PN.png',0,'2016-06-22 03:56:52'),
(170,170,'Zloty','PLN','zł',5.73140000,0,',','.','2','PL','POL',616,'PL.png',0,'2016-06-22 03:56:48'),
(171,171,'Euro','EUR','€',1.30370000,0,',','.','2','PT','PRT',620,'PT.png',0,'2016-06-22 03:56:53'),
(172,172,'Dollar','USD','$',1.46850000,0,',','.','2','PR','PRI',630,'PR.png',0,'2016-06-22 03:56:53'),
(173,173,'Rial','QAR','﷼',5.34630000,0,',','.','2','QA','QAT',634,'QA.png',0,'2016-06-22 03:56:48'),
(174,49,'Franc','XAF','FCF',852.95900000,0,',','.','2','CG','COG',178,'CG.png',0,'2016-06-22 03:56:48'),
(175,174,'Euro','EUR','€',1.30370000,0,',','.','2','RE','REU',638,'RE.png',0,'2016-06-22 03:56:53'),
(176,175,'Leu','RON','lei',5.91950000,0,',','.','2','RO','ROU',642,'RO.png',0,'2016-06-22 03:56:48'),
(177,176,'Ruble','RUB','руб',93.78660000,0,',','.','2','RU','RUS',643,'RU.png',0,'2016-06-22 03:56:49'),
(178,177,'Franc','RWF','',1151.80870000,0,',','.','2','RW','RWA',646,'RW.png',0,'2016-06-22 03:56:49'),
(179,179,'Pound','SHP','£',1.01900000,0,',','.','2','SH','SHN',654,'SH.png',0,'2016-06-22 03:56:49'),
(180,178,'Dollar','XCD','$',3.96500000,0,',','.','2','KN','KNA',659,'KN.png',0,'2016-06-22 03:56:49'),
(181,179,'Dollar','XCD','$',3.96500000,0,',','.','2','LC','LCA',662,'LC.png',0,'2016-06-22 03:56:49'),
(182,180,'Euro','EUR','€',1.30370000,0,',','.','2','PM','SPM',666,'PM.png',0,'2016-06-22 03:56:53'),
(183,180,'Dollar','XCD','$',3.96500000,0,',','.','2','VC','VCT',670,'VC.png',0,'2016-06-22 03:56:49'),
(184,181,'Tala','WST','WS$',3.73970000,0,',','.','2','WS','WSM',882,'WS.png',0,'2016-06-22 03:56:49'),
(185,182,'Euro','EUR','€',1.30370000,0,',','.','2','SM','SMR',674,'SM.png',0,'2016-06-22 03:56:53'),
(186,183,'Dobra','STD','Db',31992.55080000,0,',','.','2','ST','STP',678,'ST.png',0,'2016-06-22 03:56:49'),
(187,184,'Rial','SAR','﷼',5.50750000,0,',','.','2','SA','SAU',682,'SA.png',0,'2016-06-22 03:56:49'),
(188,185,'Franc','XOF','',852.95900000,0,',','.','2','SN','SEN',686,'SN.png',0,'2016-06-22 03:56:52'),
(189,142,'Dinar','RSD','Дин',160.73740000,0,',','.','2','CS','SCG',891,'CS.png',0,'2016-06-22 03:56:49'),
(190,186,'Rupee','SCR','₨',19.06890000,0,',','.','2','SC','SYC',690,'SC.png',0,'2016-06-22 03:56:50'),
(191,187,'Leone','SLL','Le',5794.80760000,0,',','.','2','SL','SLE',694,'SL.png',0,'2016-06-22 03:56:50'),
(192,188,'Dollar','SGD','$',1.97240000,0,',','.','2','SG','SGP',702,'SG.png',0,'2016-06-22 03:56:50'),
(193,189,'Koruna','SKK','Sk',0.00000000,0,',','.','2','SK','SVK',703,'SK.png',0,'2016-06-22 03:56:50'),
(194,190,'Euro','EUR','€',1.30370000,0,',','.','2','SI','SVN',705,'SI.png',0,'2016-06-22 03:56:53'),
(195,191,'Dollar','SBD','$',11.49850000,0,',','.','2','SB','SLB',90,'SB.png',0,'2016-06-22 03:56:50'),
(196,192,'Shilling','SOS','S',847.27110000,0,',','.','2','SO','SOM',706,'SO.png',0,'2016-06-22 03:56:50'),
(197,193,'Rand','ZAR','R',21.67550000,0,',','.','2','ZA','ZAF',710,'ZA.png',0,'2016-06-22 03:56:50'),
(198,113,'Pound','GBP','£',1.00000000,0,',','.','2','GS','SGS',239,'GS.png',0,'2016-06-22 03:56:50'),
(199,194,'Won','KRW','₩',1697.10850000,0,',','.','2','KR','KOR',410,'KR.png',0,'2016-06-22 03:56:50'),
(200,195,'Euro','EUR','€',1.30370000,0,',','.','2','ES','ESP',724,'ES.png',0,'2016-06-22 03:56:53'),
(201,196,'Rupee','LKR','₨',215.90300000,0,',','.','2','LK','LKA',144,'LK.png',0,'2016-06-22 03:56:50'),
(202,199,'Dinar','SDD','',0.00000000,0,',','.','2','SD','SDN',736,'SD.png',0,'2016-06-22 03:56:51'),
(203,200,'Dollar','SRD','$',10.31640000,0,',','.','2','SR','SUR',740,'SR.png',0,'2016-06-22 03:56:51'),
(204,0,'Krone','NOK','kr',12.19570000,0,',','.','2','SJ','SJM',744,'SJ.png',0,'2016-06-22 03:56:51'),
(205,202,'Lilangeni','SZL','',21.59870000,0,',','.','2','SZ','SWZ',748,'SZ.png',0,'2016-06-22 03:56:51'),
(206,203,'Krona','SEK','kr',12.14060000,0,',','.','2','SE','SWE',752,'SE.png',0,'2016-06-22 03:56:51'),
(207,204,'Franc','CHF','CHF',1.40930000,0,',','.','2','CH','CHE',756,'CH.png',0,'2016-06-22 03:56:51'),
(208,205,'Pound','SYP','£',322.86550000,0,',','.','2','SY','SYR',760,'SY.png',0,'2016-06-22 03:56:51'),
(209,206,'Dollar','TWD','NT$',47.34820000,0,',','.','2','TW','TWN',158,'TW.png',0,'2016-06-22 03:56:51'),
(210,207,'Somoni','TJS','',11.55510000,0,',','.','2','TJ','TJK',762,'TJ.png',0,'2016-06-22 03:56:51'),
(211,208,'Shilling','TZS','',3242.95070000,0,',','.','2','TZ','TZA',834,'TZ.png',0,'2016-06-22 03:56:51'),
(212,209,'Baht','THB','฿',51.77210000,0,',','.','2','TH','THA',764,'TH.png',0,'2016-06-22 03:56:52'),
(213,210,'Franc','XOF','',852.95900000,0,',','.','2','TG','TGO',768,'TG.png',0,'2016-06-22 03:56:52'),
(214,211,'Dollar','NZD','$',2.05730000,0,',','.','2','TK','TKL',772,'TK.png',0,'2016-06-22 03:56:52'),
(215,212,'Pa\'anga','TOP','T$',3.22390000,0,',','.','2','TO','TON',776,'TO.png',0,'2016-06-22 03:56:52'),
(216,213,'Dollar','TTD','TT$',9.74490000,0,',','.','2','TT','TTO',780,'TT.png',0,'2016-06-22 03:56:52'),
(217,214,'Dinar','TND','',3.16870000,0,',','.','2','TN','TUN',788,'TN.png',0,'2016-06-22 03:56:52'),
(218,215,'Lira','TRY','YTL',4.27930000,0,',','.','2','TR','TUR',792,'TR.png',0,'2016-06-22 03:56:52'),
(219,216,'Manat','TMM','m',0.00000000,0,',','.','2','TM','TKM',795,'TM.png',0,'2016-06-22 03:56:52'),
(220,217,'Dollar','USD','$',1.46850000,0,',','.','2','TC','TCA',796,'TC.png',0,'2016-06-22 03:56:53'),
(221,218,'Dollar','AUD','$',1.96840000,0,',','.','2','TV','TUV',798,'TV.png',0,'2016-06-22 03:56:52'),
(222,232,'Dollar','USD','$',1.46850000,0,',','.','2','VI','VIR',850,'VI.png',0,'2016-06-22 03:56:53'),
(223,219,'Shilling','UGX','',4941.58740000,0,',','.','2','UG','UGA',800,'UG.png',0,'2016-06-22 03:56:53'),
(224,220,'Hryvnia','UAH','₴',36.54420000,0,',','.','2','UA','UKR',804,'UA.png',0,'2016-06-22 03:56:53'),
(225,221,'Dirham','AED','',5.39380000,0,',','.','2','AE','ARE',784,'AE.png',0,'2016-06-22 03:56:53'),
(226,222,'Pound','GBP','£',1.00000000,0,',','.','2','GB','GBR',826,'GB.png',1,'2016-06-22 03:56:54'),
(227,223,'Dollar','USD','$',1.46850000,0,',','.','2','US','USA',840,'US.png',0,'2016-06-22 03:56:53'),
(228,224,'Dollar ','USD','$',1.46850000,0,',','.','2','UM','UMI',581,'UM.png',0,'2016-06-22 03:56:53'),
(229,225,'Peso','UYU','$U',44.93690000,0,',','.','2','UY','URY',858,'UY.png',0,'2016-06-22 03:56:53'),
(230,226,'Som','UZS','лв',4315.56930000,0,',','.','2','UZ','UZB',860,'UZ.png',0,'2016-06-22 03:56:53'),
(231,227,'Vatu','VUV','Vt',164.85710000,0,',','.','2','VU','VUT',548,'VU.png',0,'2016-06-22 03:56:53'),
(232,228,'Euro','EUR','€',1.30370000,0,',','.','2','VA','VAT',336,'VA.png',0,'2016-06-22 03:56:53'),
(233,229,'Bolivar','VEF','Bs',14.61180000,0,',','.','2','VE','VEN',862,'VE.png',0,'2016-06-22 03:56:54'),
(234,230,'Dong','VND','₫',32748.84180000,0,',','.','2','VN','VNM',704,'VN.png',0,'2016-06-22 03:56:54'),
(235,233,'Franc','XPF','',155.17030000,0,',','.','2','WF','WLF',876,'WF.png',0,'2016-06-22 03:56:54'),
(236,234,'Dirham','MAD','',14.24200000,0,',','.','2','EH','ESH',732,'EH.png',0,'2016-06-22 03:56:54'),
(237,235,'Rial','YER','﷼',365.73620000,0,',','.','2','YE','YEM',887,'YE.png',0,'2016-06-22 03:56:54'),
(238,238,'Kwacha','ZMK','ZK',7956.76660000,0,',','.','2','ZM','ZMB',894,'ZM.png',0,'2016-06-22 03:56:54'),
(239,239,'Dollar','ZWD','Z$',0.00000000,0,',','.','2','ZW','ZWE',716,'ZW.png',0,'2016-06-22 03:56:54')	;
#	TC`oflxreoai_customer_groups`utf8_general_ci	;
CREATE TABLE `oflxreoai_customer_groups` (
  `customer_group_id` int(11) NOT NULL AUTO_INCREMENT,
  `group_name` varchar(32) NOT NULL,
  `description` text NOT NULL,
  `approval` tinyint(1) NOT NULL,
  PRIMARY KEY (`customer_group_id`)
) ENGINE=InnoDB AUTO_INCREMENT=12 DEFAULT CHARSET=utf8	;
#	TD`oflxreoai_customer_groups`utf8_general_ci	;
INSERT INTO `oflxreoai_customer_groups` VALUES 
(11,'Default','',0)	;
#	TC`oflxreoai_customers`utf8_general_ci	;
CREATE TABLE `oflxreoai_customers` (
  `customer_id` int(11) unsigned NOT NULL AUTO_INCREMENT,
  `first_name` varchar(32) NOT NULL,
  `last_name` varchar(32) NOT NULL,
  `email` varchar(96) NOT NULL,
  `password` varchar(40) NOT NULL,
  `salt` varchar(9) NOT NULL,
  `telephone` varchar(32) NOT NULL,
  `address_id` int(11) NOT NULL,
  `security_question_id` int(11) NOT NULL,
  `security_answer` varchar(32) NOT NULL,
  `newsletter` tinyint(1) NOT NULL,
  `customer_group_id` int(11) NOT NULL,
  `ip_address` varchar(40) NOT NULL,
  `date_added` datetime NOT NULL,
  `status` tinyint(1) NOT NULL,
  `cart` text NOT NULL,
  PRIMARY KEY (`customer_id`,`email`)
) ENGINE=InnoDB DEFAULT CHARSET=utf8	;
#	TC`oflxreoai_customers_online`utf8_general_ci	;
CREATE TABLE `oflxreoai_customers_online` (
  `activity_id` int(11) NOT NULL AUTO_INCREMENT,
  `customer_id` int(11) NOT NULL,
  `access_type` varchar(128) NOT NULL,
  `browser` varchar(128) NOT NULL,
  `ip_address` varchar(40) NOT NULL,
  `country_code` varchar(2) NOT NULL,
  `request_uri` text NOT NULL,
  `referrer_uri` text NOT NULL,
  `date_added` datetime NOT NULL,
  `status` tinyint(1) NOT NULL,
  `user_agent` text NOT NULL,
  PRIMARY KEY (`activity_id`)
) ENGINE=InnoDB AUTO_INCREMENT=66 DEFAULT CHARSET=utf8	;
#	TD`oflxreoai_customers_online`utf8_general_ci	;
INSERT INTO `oflxreoai_customers_online` VALUES 
(1,0,'browser','Firefox','46.50.183.66','RU','','','2016-07-27 08:48:02',0,'Mozilla/5.0 (Windows NT 10.0; WOW64; rv:47.0) Gecko/20100101 Firefox/47.0'),
(2,0,'browser','Firefox','46.50.183.66','RU','','http://dev5.dev-man.ru/manage/admin/restaurants','2016-07-27 09:16:08',0,'Mozilla/5.0 (Windows NT 10.0; WOW64; rv:47.0) Gecko/20100101 Firefox/47.0'),
(3,0,'browser','Firefox','46.50.183.66','RU','','http://dev5.dev-man.ru/manage/admin/restaurants','2016-07-27 09:18:39',0,'Mozilla/5.0 (Windows NT 10.0; WOW64; rv:47.0) Gecko/20100101 Firefox/47.0'),
(4,0,'browser','Firefox','46.50.183.66','RU','','http://dev5.dev-man.ru/manage/restaurants','2016-07-27 09:30:31',0,'Mozilla/5.0 (Windows NT 10.0; WOW64; rv:47.0) Gecko/20100101 Firefox/47.0'),
(5,0,'browser','Firefox','46.50.183.66','RU','','http://dev5.dev-man.ru/manage/admin/restaurants','2016-07-27 09:38:26',0,'Mozilla/5.0 (Windows NT 10.0; WOW64; rv:47.0) Gecko/20100101 Firefox/47.0'),
(6,0,'browser','Firefox','46.50.183.66','RU','login','','2016-07-27 09:47:26',0,'Mozilla/5.0 (Windows NT 10.0; WOW64; rv:47.0) Gecko/20100101 Firefox/47.0'),
(7,0,'browser','Firefox','46.50.183.66','RU','','','2016-07-27 09:50:46',0,'Mozilla/5.0 (Windows NT 10.0; WOW64; rv:47.0) Gecko/20100101 Firefox/47.0'),
(8,0,'browser','Firefox','46.50.183.66','RU','','','2016-07-27 09:56:37',0,'Mozilla/5.0 (X11; Linux i686; rv:38.0) Gecko/20100101 Firefox/38.0 Iceweasel/38.2.0'),
(9,0,'browser','Firefox','46.50.183.66','RU','','http://dev5.dev-man.ru/manage/admin/restaurants','2016-08-01 07:02:37',0,'Mozilla/5.0 (Windows NT 10.0; WOW64; rv:47.0) Gecko/20100101 Firefox/47.0'),
(10,0,'browser','Firefox','46.50.183.66','RU','','','2016-08-01 08:15:31',0,'Mozilla/5.0 (Windows NT 10.0; WOW64; rv:47.0) Gecko/20100101 Firefox/47.0'),
(11,0,'browser','Firefox','46.50.183.66','RU','','','2016-08-01 08:21:48',0,'Mozilla/5.0 (Windows NT 10.0; WOW64; rv:47.0) Gecko/20100101 Firefox/47.0'),
(12,0,'browser','Firefox','46.50.183.66','RU','','','2016-08-01 08:23:49',0,'Mozilla/5.0 (Windows NT 10.0; WOW64; rv:47.0) Gecko/20100101 Firefox/47.0'),
(13,0,'browser','Firefox','46.50.183.66','RU','','','2016-08-01 09:04:52',0,'Mozilla/5.0 (Windows NT 10.0; WOW64; rv:47.0) Gecko/20100101 Firefox/47.0'),
(14,0,'browser','Firefox','46.50.183.66','RU','','','2016-08-01 09:17:40',0,'Mozilla/5.0 (Windows NT 10.0; WOW64; rv:47.0) Gecko/20100101 Firefox/47.0'),
(15,0,'browser','Firefox','46.50.183.66','RU','','','2016-08-01 09:25:42',0,'Mozilla/5.0 (Windows NT 10.0; WOW64; rv:47.0) Gecko/20100101 Firefox/47.0'),
(16,0,'browser','Firefox','46.50.183.66','RU','','','2016-08-01 09:35:33',0,'Mozilla/5.0 (Windows NT 10.0; WOW64; rv:47.0) Gecko/20100101 Firefox/47.0'),
(17,0,'browser','Firefox','46.50.183.66','RU','','','2016-08-01 09:40:11',0,'Mozilla/5.0 (Windows NT 10.0; WOW64; rv:47.0) Gecko/20100101 Firefox/47.0'),
(18,0,'browser','Firefox','46.50.183.66','RU','','','2016-08-01 09:45:06',0,'Mozilla/5.0 (Windows NT 10.0; WOW64; rv:47.0) Gecko/20100101 Firefox/47.0'),
(19,0,'browser','Firefox','46.50.183.66','RU','','','2016-08-01 09:48:33',0,'Mozilla/5.0 (Windows NT 10.0; WOW64; rv:47.0) Gecko/20100101 Firefox/47.0'),
(20,0,'browser','Firefox','46.50.183.66','RU','','','2016-08-02 06:24:13',0,'Mozilla/5.0 (Windows NT 10.0; WOW64; rv:47.0) Gecko/20100101 Firefox/47.0'),
(21,0,'browser','Firefox','46.50.183.66','RU','','','2016-08-02 06:32:46',0,'Mozilla/5.0 (Windows NT 10.0; WOW64; rv:47.0) Gecko/20100101 Firefox/47.0'),
(22,0,'browser','Firefox','46.50.183.66','RU','','','2016-08-02 06:48:34',0,'Mozilla/5.0 (Windows NT 10.0; WOW64; rv:47.0) Gecko/20100101 Firefox/47.0'),
(23,0,'browser','Firefox','46.50.183.66','RU','','','2016-08-02 06:53:02',0,'Mozilla/5.0 (Windows NT 10.0; WOW64; rv:47.0) Gecko/20100101 Firefox/47.0'),
(24,0,'browser','Firefox','46.50.183.66','RU','','','2016-08-02 07:50:06',0,'Mozilla/5.0 (Windows NT 10.0; WOW64; rv:47.0) Gecko/20100101 Firefox/47.0'),
(25,0,'browser','Firefox','46.50.183.66','RU','','','2016-08-02 07:52:26',0,'Mozilla/5.0 (Windows NT 10.0; WOW64; rv:47.0) Gecko/20100101 Firefox/47.0'),
(26,0,'browser','Firefox','46.50.183.66','RU','','','2016-08-02 07:56:19',0,'Mozilla/5.0 (Windows NT 10.0; WOW64; rv:47.0) Gecko/20100101 Firefox/47.0'),
(27,0,'browser','Firefox','46.50.183.66','RU','','','2016-08-02 07:58:20',0,'Mozilla/5.0 (Windows NT 10.0; WOW64; rv:47.0) Gecko/20100101 Firefox/47.0'),
(28,0,'browser','Firefox','46.50.183.66','RU','','','2016-08-02 08:01:51',0,'Mozilla/5.0 (Windows NT 10.0; WOW64; rv:47.0) Gecko/20100101 Firefox/47.0'),
(29,0,'browser','Firefox','46.50.183.66','RU','','','2016-08-02 08:03:53',0,'Mozilla/5.0 (Windows NT 10.0; WOW64; rv:47.0) Gecko/20100101 Firefox/47.0'),
(30,0,'browser','Firefox','46.50.183.66','RU','','','2016-08-02 08:05:57',0,'Mozilla/5.0 (Windows NT 10.0; WOW64; rv:47.0) Gecko/20100101 Firefox/47.0'),
(31,0,'browser','Firefox','46.50.183.66','RU','','','2016-08-02 08:08:00',0,'Mozilla/5.0 (Windows NT 10.0; WOW64; rv:47.0) Gecko/20100101 Firefox/47.0'),
(32,0,'browser','Firefox','46.50.183.66','RU','','','2016-08-03 08:52:53',0,'Mozilla/5.0 (Windows NT 10.0; WOW64; rv:47.0) Gecko/20100101 Firefox/47.0'),
(33,0,'browser','Chrome','212.14.228.130','PS','pages?page_id=11','admin/pages','2016-10-13 11:13:31',0,'Mozilla/5.0 (Windows NT 10.0; WOW64) AppleWebKit/537.36 (KHTML, like Gecko) Chrome/53.0.2785.143 Safari/537.36'),
(34,0,'browser','Chrome','212.14.228.130','PS','','','2016-10-16 08:16:28',0,'Mozilla/5.0 (Windows NT 10.0; WOW64) AppleWebKit/537.36 (KHTML, like Gecko) Chrome/53.0.2785.143 Safari/537.36'),
(35,0,'browser','Chrome','104.237.91.37','0','','','2016-10-17 09:20:31',0,'Mozilla/5.0 (Windows NT 6.1; WOW64) AppleWebKit/537.36 (KHTML, like Gecko) Chrome/54.0.2840.59 Safari/537.36'),
(36,0,'browser','Chrome','115.254.2.90','IN','pages?page_id=11','admin/pages','2016-10-17 11:09:39',0,'Mozilla/5.0 (Windows NT 6.1; WOW64) AppleWebKit/537.36 (KHTML, like Gecko) Chrome/53.11.2785.90 Safari/537.36'),
(37,0,'','','204.236.226.210','US','pages','','2016-10-20 02:24:33',0,'ia_archiver'),
(38,0,'browser','Chrome','212.14.228.130','PS','','','2016-10-26 09:15:44',0,'Mozilla/5.0 (Windows NT 10.0; WOW64) AppleWebKit/537.36 (KHTML, like Gecko) Chrome/53.0.2785.143 Safari/537.36'),
(39,0,'browser','Chrome','212.14.228.130','PS','reservation','','2016-10-26 09:20:18',0,'Mozilla/5.0 (Windows NT 10.0; WOW64) AppleWebKit/537.36 (KHTML, like Gecko) Chrome/53.0.2785.143 Safari/537.36'),
(40,0,'browser','Chrome','212.14.228.130','PS','','','2016-10-27 10:10:40',0,'Mozilla/5.0 (Windows NT 10.0; WOW64) AppleWebKit/537.36 (KHTML, like Gecko) Chrome/53.0.2785.143 Safari/537.36'),
(41,0,'browser','Chrome','212.14.228.130','PS','','','2016-10-27 10:41:28',0,'Mozilla/5.0 (Windows NT 10.0; WOW64) AppleWebKit/537.36 (KHTML, like Gecko) Chrome/53.0.2785.143 Safari/537.36'),
(42,0,'browser','Chrome','212.14.228.130','PS','locations?sort_by=distance','locations','2016-10-27 10:43:45',0,'Mozilla/5.0 (Windows NT 10.0; WOW64) AppleWebKit/537.36 (KHTML, like Gecko) Chrome/53.0.2785.143 Safari/537.36'),
(43,0,'browser','Chrome','212.14.228.130','PS','','','2016-10-27 12:04:37',0,'Mozilla/5.0 (Windows NT 10.0; WOW64) AppleWebKit/537.36 (KHTML, like Gecko) Chrome/53.0.2785.143 Safari/537.36'),
(44,0,'browser','Firefox','85.203.22.194','NL','','','2016-10-27 12:30:49',0,'Mozilla/5.0 (Windows NT 6.1; rv:49.0) Gecko/20100101 Firefox/49.0'),
(45,0,'browser','Firefox','85.203.22.194','NL','locations','','2016-10-27 12:33:20',0,'Mozilla/5.0 (Windows NT 6.1; rv:49.0) Gecko/20100101 Firefox/49.0'),
(46,0,'browser','Firefox','85.203.22.194','NL','','','2016-10-27 12:37:22',0,'Mozilla/5.0 (Windows NT 6.1; rv:49.0) Gecko/20100101 Firefox/49.0'),
(47,0,'browser','Chrome','212.14.228.130','PS','','','2016-10-27 12:58:28',0,'Mozilla/5.0 (Windows NT 10.0; WOW64) AppleWebKit/537.36 (KHTML, like Gecko) Chrome/53.0.2785.143 Safari/537.36'),
(48,0,'browser','Firefox','85.203.22.195','NL','locations','','2016-10-27 15:01:31',0,'Mozilla/5.0 (Windows NT 6.1; rv:49.0) Gecko/20100101 Firefox/49.0'),
(49,0,'browser','Chrome','5.43.211.171','PS','locations','','2016-10-27 15:02:35',0,'Mozilla/5.0 (Windows NT 10.0; WOW64) AppleWebKit/537.36 (KHTML, like Gecko) Chrome/54.0.2840.71 Safari/537.36'),
(50,0,'browser','Chrome','5.43.211.171','PS','local?location_id=1','local?location_id=1','2016-10-27 15:14:13',0,'Mozilla/5.0 (Windows NT 10.0; WOW64) AppleWebKit/537.36 (KHTML, like Gecko) Chrome/54.0.2840.71 Safari/537.36'),
(51,0,'browser','Firefox','85.203.22.195','NL','favicon.ico','','2016-10-27 16:40:58',0,'Mozilla/5.0 (Windows NT 6.1; rv:49.0) Gecko/20100101 Firefox/49.0'),
(52,0,'browser','Firefox','85.203.22.195','NL','admin/settings','admin/settings','2016-10-27 16:45:05',0,'Mozilla/5.0 (Windows NT 6.1; rv:49.0) Gecko/20100101 Firefox/49.0'),
(53,0,'browser','Firefox','85.203.22.195','NL','locations','','2016-10-27 16:47:34',0,'Mozilla/5.0 (Windows NT 6.1; rv:49.0) Gecko/20100101 Firefox/49.0'),
(54,0,'browser','Firefox','85.203.22.195','NL','','','2016-10-27 18:39:29',0,'Mozilla/5.0 (Windows NT 6.1; rv:49.0) Gecko/20100101 Firefox/49.0'),
(55,0,'browser','Firefox','85.203.22.195','NL','contact','contact','2016-10-27 19:08:14',0,'Mozilla/5.0 (Windows NT 6.1; rv:49.0) Gecko/20100101 Firefox/49.0'),
(56,0,'browser','Chrome','66.249.93.89','FR','','','2016-10-30 06:59:41',0,'Mozilla/5.0 (X11; Linux x86_64) AppleWebKit/537.36 (KHTML, like Gecko) Chrome/49.0.2623.75 Safari/537.36 Google Favicon'),
(57,0,'browser','Firefox','85.203.22.204','NL','','','2016-10-30 09:07:25',0,'Mozilla/5.0 (Windows NT 6.1; rv:49.0) Gecko/20100101 Firefox/49.0'),
(58,0,'browser','Chrome','212.14.228.130','PS','','','2016-10-31 08:17:31',0,'Mozilla/5.0 (Windows NT 10.0; WOW64) AppleWebKit/537.36 (KHTML, like Gecko) Chrome/54.0.2840.71 Safari/537.36'),
(59,0,'browser','Chrome','212.14.228.130','PS','','','2016-10-31 09:46:00',0,'Mozilla/5.0 (Windows NT 10.0; WOW64) AppleWebKit/537.36 (KHTML, like Gecko) Chrome/54.0.2840.71 Safari/537.36'),
(60,0,'browser','Firefox','46.50.183.66','RU','','','2016-11-01 02:37:22',0,'Mozilla/5.0 (Windows NT 10.0; WOW64; rv:49.0) Gecko/20100101 Firefox/49.0'),
(61,0,'browser','Firefox','46.50.183.66','RU','','','2016-11-01 04:13:39',0,'Mozilla/5.0 (Windows NT 10.0; WOW64; rv:49.0) Gecko/20100101 Firefox/49.0'),
(62,0,'browser','Chrome','167.160.116.171','US','','','2016-11-01 06:11:04',0,'Mozilla/5.0 (Windows NT 6.1; WOW64) AppleWebKit/537.36 (KHTML, like Gecko) Chrome/55.0.2883.28 Safari/537.36'),
(63,0,'browser','Firefox','46.50.183.66','RU','','','2016-11-02 09:04:04',0,'Mozilla/5.0 (Windows NT 10.0; WOW64; rv:49.0) Gecko/20100101 Firefox/49.0'),
(64,0,'browser','Firefox','46.50.183.66','RU','','','2016-11-02 09:09:32',0,'Mozilla/5.0 (Windows NT 10.0; WOW64; rv:49.0) Gecko/20100101 Firefox/49.0'),
(65,0,'browser','Firefox','46.50.183.66','RU','favicon.ico','','2016-11-02 09:24:43',0,'Mozilla/5.0 (Windows NT 10.0; WOW64; rv:49.0) Gecko/20100101 Firefox/49.0')	;
#	TC`oflxreoai_extensions`utf8_general_ci	;
CREATE TABLE `oflxreoai_extensions` (
  `extension_id` int(11) NOT NULL AUTO_INCREMENT,
  `type` varchar(32) NOT NULL,
  `name` varchar(128) NOT NULL,
  `data` text NOT NULL,
  `serialized` tinyint(1) NOT NULL,
  `status` tinyint(1) NOT NULL,
  `title` varchar(255) NOT NULL,
  `version` varchar(11) NOT NULL DEFAULT '1.0.0',
  PRIMARY KEY (`extension_id`),
  UNIQUE KEY `type` (`type`,`name`)
) ENGINE=InnoDB AUTO_INCREMENT=33 DEFAULT CHARSET=utf8	;
#	TD`oflxreoai_extensions`utf8_general_ci	;
INSERT INTO `oflxreoai_extensions` VALUES 
(11,'module','account_module','a:1:{s:7:\"layouts\";a:1:{i:0;a:4:{s:9:\"layout_id\";s:2:\"11\";s:8:\"position\";s:4:\"left\";s:8:\"priority\";s:1:\"1\";s:6:\"status\";s:1:\"1\";}}}',1,1,'Account','1.0.0'),
(12,'module','local_module','a:3:{s:20:\"location_search_mode\";s:5:\"multi\";s:12:\"use_location\";s:1:\"0\";s:6:\"status\";s:1:\"1\";}',1,1,'Local','1.0.0'),
(13,'module','categories_module','a:1:{s:7:\"layouts\";a:1:{i:0;a:4:{s:9:\"layout_id\";s:2:\"12\";s:8:\"position\";s:4:\"left\";s:8:\"priority\";s:1:\"1\";s:6:\"status\";s:1:\"1\";}}}',1,1,'Categories','1.0.0'),
(14,'module','cart_module','a:3:{s:16:\"show_cart_images\";s:1:\"0\";s:13:\"cart_images_h\";s:0:\"\";s:13:\"cart_images_w\";s:0:\"\";}',1,1,'Cart','1.0.0'),
(15,'module','reservation_module','a:1:{s:7:\"layouts\";a:1:{i:0;a:4:{s:9:\"layout_id\";s:2:\"16\";s:8:\"position\";s:4:\"left\";s:8:\"priority\";s:1:\"1\";s:6:\"status\";s:1:\"1\";}}}',1,1,'Reservation','1.0.0'),
(16,'module','slideshow','a:6:{s:11:\"dimension_h\";s:3:\"420\";s:11:\"dimension_w\";s:4:\"1170\";s:6:\"effect\";s:4:\"fade\";s:5:\"speed\";s:3:\"500\";s:7:\"layouts\";a:1:{i:0;a:4:{s:9:\"layout_id\";s:2:\"15\";s:8:\"position\";s:3:\"top\";s:8:\"priority\";s:1:\"1\";s:6:\"status\";s:1:\"1\";}}s:6:\"slides\";a:3:{i:0;a:3:{s:4:\"name\";s:9:\"slide.png\";s:9:\"image_src\";s:14:\"data/slide.jpg\";s:7:\"caption\";s:0:\"\";}i:1;a:3:{s:4:\"name\";s:10:\"slide1.png\";s:9:\"image_src\";s:15:\"data/slide1.jpg\";s:7:\"caption\";s:0:\"\";}i:2;a:3:{s:4:\"name\";s:10:\"slide2.png\";s:9:\"image_src\";s:15:\"data/slide2.jpg\";s:7:\"caption\";s:0:\"\";}}}',1,1,'Slideshow','1.0.0'),
(18,'payment','cod','a:5:{s:4:\"name\";N;s:11:\"order_total\";s:4:\"0.00\";s:12:\"order_status\";s:2:\"11\";s:8:\"priority\";s:1:\"1\";s:6:\"status\";s:1:\"1\";}',1,1,'Cash On Delivery','1.0.0'),
(20,'module','pages_module','a:1:{s:7:\"layouts\";a:1:{i:0;a:4:{s:9:\"layout_id\";s:2:\"17\";s:8:\"position\";s:5:\"right\";s:8:\"priority\";s:1:\"1\";s:6:\"status\";s:1:\"1\";}}}',1,1,'Pages','1.0.0'),
(21,'payment','paypal_express','a:11:{s:8:\"priority\";s:0:\"\";s:6:\"status\";s:1:\"0\";s:8:\"api_mode\";s:7:\"sandbox\";s:8:\"api_user\";s:0:\"\";s:8:\"api_pass\";s:0:\"\";s:13:\"api_signature\";s:0:\"\";s:10:\"api_action\";s:4:\"sale\";s:10:\"return_uri\";s:24:\"paypal_express/authorize\";s:10:\"cancel_uri\";s:21:\"paypal_express/cancel\";s:11:\"order_total\";s:4:\"0.00\";s:12:\"order_status\";s:2:\"11\";}',1,0,'PayPal Express','1.0.0'),
(23,'theme','tastyigniter-orange','',1,1,'TastyIgniter Orange','1.0.0'),
(24,'theme','tastyigniter-blue','',1,0,'TastyIgniter Blue','1.0.0'),
(25,'module','banners_module','a:1:{s:7:\"banners\";a:1:{i:1;a:3:{s:9:\"banner_id\";s:1:\"1\";s:5:\"width\";s:0:\"\";s:6:\"height\";s:0:\"\";}}}',1,0,'Banners','1.0.0'),
(26,'theme','zinc-admin','',1,0,'zinc-admin','1.0.0'),
(27,'cart_total','cart_total','a:5:{s:8:\"priority\";s:1:\"1\";s:4:\"name\";s:10:\"cart_total\";s:5:\"title\";s:9:\"Sub Total\";s:11:\"admin_title\";s:9:\"Sub Total\";s:6:\"status\";s:1:\"1\";}',1,1,'Sub Total','1.0.0'),
(28,'cart_total','coupon','a:5:{s:8:\"priority\";s:1:\"3\";s:4:\"name\";s:6:\"coupon\";s:5:\"title\";s:15:\"Coupon {coupon}\";s:11:\"admin_title\";s:15:\"Coupon {coupon}\";s:6:\"status\";s:1:\"1\";}',1,1,'Coupon','1.0.0'),
(29,'cart_total','delivery','a:5:{s:8:\"priority\";s:1:\"4\";s:4:\"name\";s:8:\"delivery\";s:5:\"title\";s:8:\"Delivery\";s:11:\"admin_title\";s:8:\"Delivery\";s:6:\"status\";s:1:\"1\";}',1,1,'Delivery','1.0.0'),
(30,'cart_total','taxes','a:5:{s:8:\"priority\";s:1:\"5\";s:4:\"name\";s:5:\"taxes\";s:5:\"title\";s:9:\"VAT {tax}\";s:11:\"admin_title\";s:9:\"VAT {tax}\";s:6:\"status\";s:1:\"1\";}',1,1,'VAT','1.0.0'),
(31,'cart_total','order_total','a:5:{s:8:\"priority\";s:1:\"6\";s:4:\"name\";s:11:\"order_total\";s:5:\"title\";s:11:\"Order Total\";s:11:\"admin_title\";s:11:\"Order Total\";s:6:\"status\";s:1:\"1\";}',1,1,'Order Total','1.0.0'),
(32,'theme','tastyigniter-orange-child','',0,1,'TastyIgniter Orange Child Theme','1.0.0')	;
#	TC`oflxreoai_languages`utf8_general_ci	;
CREATE TABLE `oflxreoai_languages` (
  `language_id` int(11) NOT NULL AUTO_INCREMENT,
  `code` varchar(7) NOT NULL,
  `name` varchar(32) NOT NULL,
  `image` varchar(32) NOT NULL,
  `idiom` varchar(32) NOT NULL,
  `status` tinyint(1) NOT NULL,
  `can_delete` tinyint(1) NOT NULL,
  PRIMARY KEY (`language_id`)
) ENGINE=InnoDB AUTO_INCREMENT=14 DEFAULT CHARSET=utf8	;
#	TD`oflxreoai_languages`utf8_general_ci	;
INSERT INTO `oflxreoai_languages` VALUES 
(11,'en','English','data/flags/gb.png','english',1,1),
(13,'ar','Arabic','data/flags/jo.png','arabic',1,1)	;
#	TC`oflxreoai_layout_modules`utf8_general_ci	;
CREATE TABLE `oflxreoai_layout_modules` (
  `layout_module_id` int(11) NOT NULL AUTO_INCREMENT,
  `layout_id` int(11) NOT NULL,
  `module_code` varchar(128) NOT NULL,
  `partial` varchar(32) NOT NULL,
  `priority` int(11) NOT NULL,
  `options` text NOT NULL,
  `status` tinyint(1) NOT NULL,
  PRIMARY KEY (`layout_module_id`)
) ENGINE=InnoDB AUTO_INCREMENT=77 DEFAULT CHARSET=utf8	;
#	TD`oflxreoai_layout_modules`utf8_general_ci	;
INSERT INTO `oflxreoai_layout_modules` VALUES 
(60,17,'pages_module','content_right',1,'',1),
(65,11,'slideshow','content_top',1,'',1),
(66,11,'local_module','content_top',2,'',1),
(67,15,'account_module','content_left',1,'',1),
(68,12,'local_module','content_top',1,'',1),
(69,12,'categories_module','content_left',1,'',1),
(70,12,'cart_module','content_right',1,'',1),
(71,13,'local_module','content_top',1,'',1),
(72,13,'cart_module','content_right',1,'',1),
(73,16,'reservation_module','content_top',1,'',1),
(74,18,'local_module','content_top',1,'',1),
(75,18,'categories_module','content_left',1,'',1),
(76,18,'cart_module','content_right',1,'',1)	;
#	TC`oflxreoai_layout_routes`utf8_general_ci	;
CREATE TABLE `oflxreoai_layout_routes` (
  `layout_route_id` int(11) NOT NULL AUTO_INCREMENT,
  `layout_id` int(11) NOT NULL,
  `uri_route` varchar(128) NOT NULL,
  PRIMARY KEY (`layout_route_id`)
) ENGINE=InnoDB AUTO_INCREMENT=107 DEFAULT CHARSET=utf8	;
#	TD`oflxreoai_layout_routes`utf8_general_ci	;
INSERT INTO `oflxreoai_layout_routes` VALUES 
(19,13,'checkout'),
(41,16,'reservation'),
(44,12,'menus'),
(59,11,'home'),
(70,18,'local'),
(71,19,'locations'),
(72,17,'pages'),
(100,15,'account/account'),
(101,15,'account/details'),
(102,15,'account/address'),
(103,15,'account/orders'),
(104,15,'account/reservations'),
(105,15,'account/inbox'),
(106,15,'account/reviews')	;
#	TC`oflxreoai_layouts`utf8_general_ci	;
CREATE TABLE `oflxreoai_layouts` (
  `layout_id` int(11) NOT NULL AUTO_INCREMENT,
  `name` varchar(45) NOT NULL,
  PRIMARY KEY (`layout_id`)
) ENGINE=InnoDB AUTO_INCREMENT=20 DEFAULT CHARSET=utf8	;
#	TD`oflxreoai_layouts`utf8_general_ci	;
INSERT INTO `oflxreoai_layouts` VALUES 
(11,'Home'),
(12,'Menus'),
(13,'Checkout'),
(15,'Account'),
(16,'Reservation'),
(17,'Page'),
(18,'Local'),
(19,'Locations')	;
#	TC`oflxreoai_location_tables`utf8_general_ci	;
CREATE TABLE `oflxreoai_location_tables` (
  `location_id` int(11) NOT NULL,
  `table_id` int(11) NOT NULL,
  PRIMARY KEY (`location_id`,`table_id`)
) ENGINE=InnoDB DEFAULT CHARSET=utf8	;
#	TC`oflxreoai_locations`utf8_general_ci	;
CREATE TABLE `oflxreoai_locations` (
  `location_id` int(11) NOT NULL AUTO_INCREMENT,
  `location_name` varchar(32) NOT NULL,
  `location_email` varchar(96) NOT NULL,
  `description` text NOT NULL,
  `location_address_1` varchar(128) NOT NULL,
  `location_address_2` varchar(128) NOT NULL,
  `location_city` varchar(128) NOT NULL,
  `location_state` varchar(128) NOT NULL,
  `location_postcode` varchar(10) NOT NULL,
  `location_country_id` int(11) NOT NULL,
  `location_telephone` varchar(32) NOT NULL,
  `location_lat` float(10,6) NOT NULL,
  `location_lng` float(10,6) NOT NULL,
  `location_radius` int(11) NOT NULL,
  `offer_delivery` tinyint(1) NOT NULL,
  `offer_collection` tinyint(1) NOT NULL,
  `delivery_time` int(11) NOT NULL,
  `last_order_time` int(11) NOT NULL,
  `reservation_time_interval` int(11) NOT NULL,
  `reservation_stay_time` int(11) NOT NULL,
  `location_status` tinyint(1) NOT NULL,
  `collection_time` int(11) NOT NULL,
  `options` text NOT NULL,
  `location_image` varchar(255) NOT NULL,
  PRIMARY KEY (`location_id`)
) ENGINE=InnoDB AUTO_INCREMENT=2 DEFAULT CHARSET=utf8	;
#	TD`oflxreoai_locations`utf8_general_ci	;
INSERT INTO `oflxreoai_locations` VALUES 
(1,'زنك - سندويشة البيت','zincpalestine@gmail.com','مطعمنا يقدم الساندوشات اللذيذة بالخبز المصنوع لدينا بالصاج و خبز الحمام و البرغر و بمكونات عالية الجودة بالبهارات و الصوص الخاص بنا. صاج برغر, برغر, روست بيف, تيركي, مرتديلا, لبنة, مجدوس, سلامي, بطاطا فرايز و تويستر و وجبات لذيذة و متنوعة','شارع جامعة النجاح - الحرم القديم','قرب سويرماركت دريم','نابلس','','',222,'1700700707',0.000000,0.000000,0,1,1,50,30,0,0,1,30,'a:6:{s:12:\"auto_lat_lng\";s:1:\"1\";s:13:\"opening_hours\";a:10:{s:12:\"opening_type\";s:8:\"flexible\";s:10:\"daily_days\";a:7:{i:0;s:1:\"0\";i:1;s:1:\"1\";i:2;s:1:\"2\";i:3;s:1:\"3\";i:4;s:1:\"4\";i:5;s:1:\"5\";i:6;s:1:\"6\";}s:11:\"daily_hours\";a:2:{s:4:\"open\";s:8:\"12:00 AM\";s:5:\"close\";s:8:\"11:59 PM\";}s:14:\"flexible_hours\";a:7:{i:0;a:4:{s:3:\"day\";s:1:\"0\";s:4:\"open\";s:7:\"9:00 AM\";s:5:\"close\";s:8:\"10:59 PM\";s:6:\"status\";s:1:\"1\";}i:1;a:4:{s:3:\"day\";s:1:\"1\";s:4:\"open\";s:7:\"9:00 AM\";s:5:\"close\";s:8:\"10:59 PM\";s:6:\"status\";s:1:\"1\";}i:2;a:4:{s:3:\"day\";s:1:\"2\";s:4:\"open\";s:7:\"9:00 AM\";s:5:\"close\";s:8:\"11:59 PM\";s:6:\"status\";s:1:\"1\";}i:3;a:4:{s:3:\"day\";s:1:\"3\";s:4:\"open\";s:8:\"12:00 AM\";s:5:\"close\";s:8:\"10:59 PM\";s:6:\"status\";s:1:\"1\";}i:4;a:4:{s:3:\"day\";s:1:\"4\";s:4:\"open\";s:8:\"12:00 AM\";s:5:\"close\";s:8:\"10:59 PM\";s:6:\"status\";s:1:\"0\";}i:5;a:4:{s:3:\"day\";s:1:\"5\";s:4:\"open\";s:7:\"9:00 AM\";s:5:\"close\";s:8:\"11:59 PM\";s:6:\"status\";s:1:\"1\";}i:6;a:4:{s:3:\"day\";s:1:\"6\";s:4:\"open\";s:7:\"9:00 AM\";s:5:\"close\";s:8:\"10:59 PM\";s:6:\"status\";s:1:\"1\";}}s:13:\"delivery_type\";s:1:\"0\";s:13:\"delivery_days\";a:7:{i:0;s:1:\"0\";i:1;s:1:\"1\";i:2;s:1:\"2\";i:3;s:1:\"3\";i:4;s:1:\"4\";i:5;s:1:\"5\";i:6;s:1:\"6\";}s:14:\"delivery_hours\";a:2:{s:4:\"open\";s:8:\"12:00 AM\";s:5:\"close\";s:8:\"11:59 PM\";}s:15:\"collection_type\";s:1:\"0\";s:15:\"collection_days\";a:7:{i:0;s:1:\"0\";i:1;s:1:\"1\";i:2;s:1:\"2\";i:3;s:1:\"3\";i:4;s:1:\"4\";i:5;s:1:\"5\";i:6;s:1:\"6\";}s:16:\"collection_hours\";a:2:{s:4:\"open\";s:8:\"12:00 AM\";s:5:\"close\";s:8:\"11:59 PM\";}}s:13:\"future_orders\";s:1:\"1\";s:17:\"future_order_days\";a:2:{s:8:\"delivery\";s:1:\"2\";s:10:\"collection\";s:1:\"2\";}s:8:\"payments\";a:1:{i:0;s:3:\"cod\";}s:7:\"gallery\";a:2:{s:5:\"title\";s:0:\"\";s:11:\"description\";s:0:\"\";}}','data/side_1.png')	;
#	TC`oflxreoai_mail_templates`utf8_general_ci	;
CREATE TABLE `oflxreoai_mail_templates` (
  `template_id` int(11) NOT NULL AUTO_INCREMENT,
  `name` varchar(32) NOT NULL,
  `language_id` int(11) NOT NULL,
  `date_added` datetime NOT NULL,
  `date_updated` datetime NOT NULL,
  `status` tinyint(1) NOT NULL,
  PRIMARY KEY (`template_id`)
) ENGINE=InnoDB AUTO_INCREMENT=12 DEFAULT CHARSET=utf8	;
#	TD`oflxreoai_mail_templates`utf8_general_ci	;
INSERT INTO `oflxreoai_mail_templates` VALUES 
(11,'Default',1,'2014-04-16 01:49:52','2014-06-16 14:44:13',1)	;
#	TC`oflxreoai_mail_templates_data`utf8_general_ci	;
CREATE TABLE `oflxreoai_mail_templates_data` (
  `template_data_id` int(11) NOT NULL AUTO_INCREMENT,
  `template_id` int(11) NOT NULL,
  `code` varchar(32) NOT NULL,
  `subject` varchar(128) NOT NULL,
  `body` text NOT NULL,
  `date_added` datetime NOT NULL,
  `date_updated` datetime NOT NULL,
  PRIMARY KEY (`template_data_id`,`template_id`,`code`)
) ENGINE=InnoDB AUTO_INCREMENT=23 DEFAULT CHARSET=utf8	;
#	TD`oflxreoai_mail_templates_data`utf8_general_ci	;
INSERT INTO `oflxreoai_mail_templates_data` VALUES 
(11,11,'registration','Welcome to {site_name}','<div id=\"mailsub\" class=\"notification\" align=\"center\"><table style=\"min-width: 320px;\" border=\"0\" cellpadding=\"0\" cellspacing=\"0\" width=\"100%\"><tbody><tr><td align=\"center\" bgcolor=\"#eff3f8\"><!--[if gte mso 10]><table width=\"680\" border=\"0\" cellspacing=\"0\" cellpadding=\"0\"><tr><td><![endif]--><table class=\"table_width_100\" style=\"max-width: 680px; min-width: 300px;\" border=\"0\" cellpadding=\"0\" cellspacing=\"0\" width=\"100%\"><tbody><tr><td><!-- padding --><div style=\"height: 80px; line-height: 80px; font-size: 10px;\"></div></td></tr><!--header --><tr><td align=\"center\" bgcolor=\"#ffffff\"><!-- padding --><div style=\"height: 30px; line-height: 30px; font-size: 10px;\"></div><table border=\"0\" cellpadding=\"0\" cellspacing=\"0\" width=\"90%\"><tbody><tr><td align=\"left\"><!-- Item --><div class=\"mob_center_bl\" style=\"float: left; display: inline-block; width: 115px;\"><table class=\"mob_center\" style=\"border-collapse: collapse;\" align=\"left\" border=\"0\" cellpadding=\"0\" cellspacing=\"0\" width=\"115\"><tbody><tr><td align=\"left\" valign=\"middle\"><!-- padding --><div style=\"height: 20px; line-height: 20px; font-size: 10px;\"></div><table border=\"0\" cellpadding=\"0\" cellspacing=\"0\" width=\"115\"><tbody><tr><td class=\"mob_center\" align=\"left\" valign=\"top\"><a href=\"{site_url}\" target=\"_blank\" style=\"color: #596167; font-family: Arial, Helvetica, sans-serif; font-size: 13px;\"><font face=\"Arial, Helvetica, sans-seri; font-size: 13px;\" color=\"#596167\" size=\"3\"><img src=\"{site_logo}\" alt=\"{site_name}\" style=\"display: block;\" height=\"19\" border=\"0\" width=\"115\"></font></a></td></tr></tbody></table></td></tr></tbody></table></div><!-- Item END--><!--[if gte mso 10]></td><td align=\"right\"><![endif]--><!-- Item --><div class=\"mob_center_bl\" style=\"float: right; display: inline-block; width: 88px;\"><table style=\"border-collapse: collapse;\" align=\"right\" border=\"0\" cellpadding=\"0\" cellspacing=\"0\" width=\"88\"><tbody><tr><td align=\"right\" valign=\"middle\"><!-- padding --><div style=\"height: 20px; line-height: 20px; font-size: 10px;\"></div><table border=\"0\" cellpadding=\"0\" cellspacing=\"0\" width=\"100%\"><tbody><tr><td align=\"right\"><!--social --><div class=\"mob_center_bl\" style=\"width: 88px;\"><table border=\"0\" cellpadding=\"0\" cellspacing=\"0\"><tbody><tr><td style=\"line-height: 19px;\" align=\"center\" width=\"30\"><a href=\"#\" target=\"_blank\" style=\"color: #596167; font-family: Arial, Helvetica, sans-serif; font-size: 12px;\"><font face=\"Arial, Helvetica, sans-serif\" color=\"#596167\" size=\"2\"></font></a></td><td style=\"line-height: 19px;\" align=\"center\" width=\"39\"><a href=\"#\" target=\"_blank\" style=\"color: #596167; font-family: Arial, Helvetica, sans-serif; font-size: 12px;\"><font face=\"Arial, Helvetica, sans-serif\" color=\"#596167\" size=\"2\"></font></a></td><td style=\"line-height: 19px;\" align=\"right\" width=\"29\"><a href=\"#\" target=\"_blank\" style=\"color: #596167; font-family: Arial, Helvetica, sans-serif; font-size: 12px;\"><font face=\"Arial, Helvetica, sans-serif\" color=\"#596167\" size=\"2\"></font></a></td></tr></tbody></table></div><!--social END--></td></tr></tbody></table></td></tr></tbody></table></div><!-- Item END--></td></tr></tbody></table><!-- padding --><div style=\"height: 50px; line-height: 50px; font-size: 10px;\"></div></td></tr><!--header END--><!--content 1 --><tr><td align=\"center\" bgcolor=\"#fbfcfd\"><table border=\"0\" cellpadding=\"0\" cellspacing=\"0\" width=\"90%\"><tbody><tr><td align=\"left\"><!-- padding --><div style=\"height: 40px; line-height: 40px; font-size: 10px;\"></div><div style=\"line-height: 44px;\"><font style=\"font-size: 34px;\" face=\"Arial, Helvetica, sans-serif\" color=\"#57697e\" size=\"5\"><span style=\"font-family: Arial, Helvetica, sans-serif; font-size: 34px; color: #57697e;\">Welcome!</span></font></div><!-- padding --><div style=\"height: 30px; line-height: 30px; font-size: 10px;\"></div></td></tr><tr><td align=\"left\"><div style=\"line-height: 24px;\"><font style=\"font-size: 15px;\" face=\"Arial, Helvetica, sans-serif\" color=\"#57697e\" size=\"4\"><span style=\"font-family: Arial, Helvetica, sans-serif; font-size: 15px; color: #57697e;\">Hello {first_name} {last_name},</span></font></div><!-- padding --><div style=\"height: 20px; line-height: 20px; font-size: 10px;\"></div></td></tr><tr><td align=\"left\"><div style=\"line-height: 24px;\"><font style=\"font-size: 15px;\" face=\"Arial, Helvetica, sans-serif\" color=\"#57697e\" size=\"4\"><span style=\"font-family: Arial, Helvetica, sans-serif; font-size: 15px; color: #57697e;\">Thank you for registrating with {site_name}. Your account has now been created and you can log in using your email address and password by visiting our website or at the following URL: <a href=\"{account_login_link}\">Click Here</a></span></font></div><!-- padding --><div style=\"height: 20px; line-height: 20px; font-size: 10px;\"></div></td></tr><tr><td align=\"left\"><div style=\"line-height: 24px;\"><font style=\"font-size: 15px;\" face=\"Arial, Helvetica, sans-serif\" color=\"#57697e\" size=\"4\"><span style=\"font-family: Arial, Helvetica, sans-serif; font-size: 15px; color: #57697e;\">Thank you for using.<br> {signature}</span></font></div><!-- padding --><div style=\"height: 40px; line-height: 40px; font-size: 10px;\"></div></td></tr></tbody></table></td></tr><!--content 1 END--><!--footer --><tr><td class=\"iage_footer\" align=\"center\" bgcolor=\"#ffffff\"><!-- padding --><div style=\"height: 20px; line-height: 20px; font-size: 10px;\"></div><table border=\"0\" cellpadding=\"0\" cellspacing=\"0\" width=\"100%\"><tbody><tr><td align=\"center\"><font style=\"font-size: 13px;\" face=\"Arial, Helvetica, sans-serif\" color=\"#96a5b5\" size=\"3\"><span style=\"font-family: Arial, Helvetica, sans-serif; font-size: 13px; color: #96a5b5;\">2015 © {site_name} All Rights Reserved.</span></font></td></tr></tbody></table><!-- padding --><div style=\"height: 20px; line-height: 20px; font-size: 10px;\"></div></td></tr><!--footer END--><tr><td><!-- padding --><div style=\"height: 80px; line-height: 80px; font-size: 10px;\"></div></td></tr></tbody></table><!--[if gte mso 10]></td></tr></table><![endif]--></td></tr></tbody></table></div>','2014-04-16 00:56:00','2014-05-15 15:24:56'),
(12,11,'password_reset','Password reset at {site_name}','<div id=\"mailsub\" class=\"notification\" align=\"center\"><table style=\"min-width: 320px;\" border=\"0\" cellpadding=\"0\" cellspacing=\"0\" width=\"100%\"><tbody><tr><td align=\"center\" bgcolor=\"#eff3f8\"><!--[if gte mso 10]><table width=\"680\" border=\"0\" cellspacing=\"0\" cellpadding=\"0\"><tr><td><![endif]--><table class=\"table_width_100\" style=\"max-width: 680px; min-width: 300px;\" border=\"0\" cellpadding=\"0\" cellspacing=\"0\" width=\"100%\"><tbody><tr><td><!-- padding --><div style=\"height: 80px; line-height: 80px; font-size: 10px;\"></div></td></tr><!--header --><tr><td align=\"center\" bgcolor=\"#ffffff\"><!-- padding --><div style=\"height: 30px; line-height: 30px; font-size: 10px;\"></div><table border=\"0\" cellpadding=\"0\" cellspacing=\"0\" width=\"90%\"><tbody><tr><td align=\"left\"><!-- Item --><div class=\"mob_center_bl\" style=\"float: left; display: inline-block; width: 115px;\"><table class=\"mob_center\" style=\"border-collapse: collapse;\" align=\"left\" border=\"0\" cellpadding=\"0\" cellspacing=\"0\" width=\"115\"><tbody><tr><td align=\"left\" valign=\"middle\"><!-- padding --><div style=\"height: 20px; line-height: 20px; font-size: 10px;\"></div><table border=\"0\" cellpadding=\"0\" cellspacing=\"0\" width=\"115\"><tbody><tr><td class=\"mob_center\" align=\"left\" valign=\"top\"><a href=\"{site_url}\" target=\"_blank\" style=\"color: #596167; font-family: Arial, Helvetica, sans-serif; font-size: 13px;\"><font face=\"Arial, Helvetica, sans-seri; font-size: 13px;\" color=\"#596167\" size=\"3\"><img src=\"{site_logo}\" alt=\"{site_name}\" style=\"display: block;\" height=\"19\" border=\"0\" width=\"115\"></font></a></td></tr></tbody></table></td></tr></tbody></table></div><!-- Item END--><!--[if gte mso 10]></td><td align=\"right\"><![endif]--><!-- Item --><div class=\"mob_center_bl\" style=\"float: right; display: inline-block; width: 88px;\"><table style=\"border-collapse: collapse;\" align=\"right\" border=\"0\" cellpadding=\"0\" cellspacing=\"0\" width=\"88\"><tbody><tr><td align=\"right\" valign=\"middle\"><!-- padding --><div style=\"height: 20px; line-height: 20px; font-size: 10px;\"></div><table border=\"0\" cellpadding=\"0\" cellspacing=\"0\" width=\"100%\"><tbody><tr><td align=\"right\"><!--social --><div class=\"mob_center_bl\" style=\"width: 88px;\"><table border=\"0\" cellpadding=\"0\" cellspacing=\"0\"><tbody><tr><td style=\"line-height: 19px;\" align=\"center\" width=\"30\"><a href=\"#\" target=\"_blank\" style=\"color: #596167; font-family: Arial, Helvetica, sans-serif; font-size: 12px;\"><font face=\"Arial, Helvetica, sans-serif\" color=\"#596167\" size=\"2\"></font></a></td><td style=\"line-height: 19px;\" align=\"center\" width=\"39\"><a href=\"#\" target=\"_blank\" style=\"color: #596167; font-family: Arial, Helvetica, sans-serif; font-size: 12px;\"><font face=\"Arial, Helvetica, sans-serif\" color=\"#596167\" size=\"2\"></font></a></td><td style=\"line-height: 19px;\" align=\"right\" width=\"29\"><a href=\"#\" target=\"_blank\" style=\"color: #596167; font-family: Arial, Helvetica, sans-serif; font-size: 12px;\"><font face=\"Arial, Helvetica, sans-serif\" color=\"#596167\" size=\"2\"></font></a></td></tr></tbody></table></div><!--social END--></td></tr></tbody></table></td></tr></tbody></table></div><!-- Item END--></td></tr></tbody></table><!-- padding --><div style=\"height: 50px; line-height: 50px; font-size: 10px;\"></div></td></tr><!--header END--><!--content 1 --><tr><td align=\"center\" bgcolor=\"#fbfcfd\"><table border=\"0\" cellpadding=\"0\" cellspacing=\"0\" width=\"90%\"><tbody><tr><td align=\"left\"><!-- padding --><div style=\"height: 40px; line-height: 40px; font-size: 10px;\"></div><div style=\"line-height: 44px;\"><font style=\"font-size: 34px;\" face=\"Arial, Helvetica, sans-serif\" color=\"#57697e\" size=\"5\"><span style=\"font-family: Arial, Helvetica, sans-serif; font-size: 34px; color: #57697e;\">Reset your password!</span></font></div><!-- padding --><div style=\"height: 30px; line-height: 30px; font-size: 10px;\"></div></td></tr><tr><td align=\"left\"><div style=\"line-height: 24px;\"><font style=\"font-size: 15px;\" face=\"Arial, Helvetica, sans-serif\" color=\"#57697e\" size=\"4\"><span style=\"font-family: Arial, Helvetica, sans-serif; font-size: 15px; color: #57697e;\">Hello {first_name} {last_name},</span></font></div><!-- padding --><div style=\"height: 20px; line-height: 20px; font-size: 10px;\"></div></td></tr><tr><td align=\"left\"><div style=\"line-height: 24px;\"><font style=\"font-size: 15px;\" face=\"Arial, Helvetica, sans-serif\" color=\"#57697e\" size=\"4\"><span style=\"font-family: Arial, Helvetica, sans-serif; font-size: 15px; color: #57697e;\">Your password has been reset successfull! Please <a href=\"{account_login_link}\" target=\"_blank\">login</a> using your new password: {created_password}.</span></font></div><!-- padding --><div style=\"height: 20px; line-height: 20px; font-size: 10px;\"></div></td></tr><tr><td align=\"left\"><div style=\"line-height: 24px;\"><font style=\"font-size: 15px;\" face=\"Arial, Helvetica, sans-serif\" color=\"#57697e\" size=\"4\"><span style=\"font-family: Arial, Helvetica, sans-serif; font-size: 15px; color: #57697e;\">Please don\'t forget to change your password after you login.<br> {signature}</span></font></div><!-- padding --><div style=\"height: 40px; line-height: 40px; font-size: 10px;\"></div></td></tr></tbody></table></td></tr><!--content 1 END--><!--footer --><tr><td class=\"iage_footer\" align=\"center\" bgcolor=\"#ffffff\"><!-- padding --><div style=\"height: 20px; line-height: 20px; font-size: 10px;\"></div><table border=\"0\" cellpadding=\"0\" cellspacing=\"0\" width=\"100%\"><tbody><tr><td align=\"center\"><font style=\"font-size: 13px;\" face=\"Arial, Helvetica, sans-serif\" color=\"#96a5b5\" size=\"3\"><span style=\"font-family: Arial, Helvetica, sans-serif; font-size: 13px; color: #96a5b5;\">2015 © {site_name} All Rights Reserved.</span></font></td></tr></tbody></table><!-- padding --><div style=\"height: 20px; line-height: 20px; font-size: 10px;\"></div></td></tr><!--footer END--><tr><td><!-- padding --><div style=\"height: 80px; line-height: 80px; font-size: 10px;\"></div></td></tr></tbody></table><!--[if gte mso 10]></td></tr></table><![endif]--></td></tr></tbody></table></div>','2014-04-16 00:56:00','2014-05-15 15:46:30'),
(13,11,'order','{site_name} order confirmation - {order_number}','<div id=\"mailsub\" class=\"notification\" align=\"center\"><table style=\"min-width: 320px;\" border=\"0\" cellpadding=\"0\" cellspacing=\"0\" width=\"100%\"><tbody><tr><td align=\"center\" bgcolor=\"#eff3f8\"><!--[if gte mso 10]><table width=\"680\" border=\"0\" cellspacing=\"0\" cellpadding=\"0\"><tr><td><![endif]--><table class=\"table_width_100\" style=\"max-width: 680px; min-width: 300px;\" border=\"0\" cellpadding=\"0\" cellspacing=\"0\" width=\"100%\"><tbody><tr><td><!-- padding --><div style=\"height: 80px; line-height: 80px; font-size: 10px;\"></div></td></tr><!--header --><tr><td align=\"center\" bgcolor=\"#ffffff\"><!-- padding --><div style=\"height: 30px; line-height: 30px; font-size: 10px;\"></div><table border=\"0\" cellpadding=\"0\" cellspacing=\"0\" width=\"90%\"><tbody><tr><td align=\"left\"><!-- Item --><div class=\"mob_center_bl\" style=\"float: left; display: inline-block; width: 115px;\"><table class=\"mob_center\" style=\"border-collapse: collapse;\" align=\"left\" border=\"0\" cellpadding=\"0\" cellspacing=\"0\" width=\"115\"><tbody><tr><td align=\"left\" valign=\"middle\"><!-- padding --><div style=\"height: 20px; line-height: 20px; font-size: 10px;\"></div><table border=\"0\" cellpadding=\"0\" cellspacing=\"0\" width=\"115\"><tbody><tr><td class=\"mob_center\" align=\"left\" valign=\"top\"><a title=\"\" data-original-title=\"\" href=\"{site_url}\" target=\"_blank\" style=\"color: #596167; font-family: Arial, Helvetica, sans-serif; font-size: 13px;\"><font color=\"#596167\" size=\"3\" face=\"Arial, Helvetica, sans-seri; font-size: 13px;\"><img src=\"{site_logo}\" alt=\"{site_name}\" style=\"display: block;\" border=\"0\" width=\"115\" height=\"19\"></font></a></td></tr></tbody></table></td></tr></tbody></table></div><!-- Item END--><!--[if gte mso 10]></td><td align=\"right\"><![endif]--><!-- Item --><div class=\"mob_center_bl\" style=\"float: right; display: inline-block; width: 88px;\"><table style=\"border-collapse: collapse;\" align=\"right\" border=\"0\" cellpadding=\"0\" cellspacing=\"0\" width=\"88\"><tbody><tr><td align=\"right\" valign=\"middle\"><!-- padding --><div style=\"height: 20px; line-height: 20px; font-size: 10px;\"></div><table border=\"0\" cellpadding=\"0\" cellspacing=\"0\" width=\"100%\"><tbody><tr><td align=\"right\"><!--social --><div class=\"mob_center_bl\" style=\"width: 88px;\"><table border=\"0\" cellpadding=\"0\" cellspacing=\"0\"><tbody><tr><td style=\"line-height: 19px;\" align=\"center\" width=\"30\"><a title=\"\" data-original-title=\"\" href=\"#\" target=\"_blank\" style=\"color: #596167; font-family: Arial, Helvetica, sans-serif; font-size: 12px;\"><font color=\"#596167\" size=\"2\" face=\"Arial, Helvetica, sans-serif\"></font></a></td><td style=\"line-height: 19px;\" align=\"center\" width=\"39\"><a title=\"\" data-original-title=\"\" href=\"#\" target=\"_blank\" style=\"color: #596167; font-family: Arial, Helvetica, sans-serif; font-size: 12px;\"><font color=\"#596167\" size=\"2\" face=\"Arial, Helvetica, sans-serif\"></font></a></td><td style=\"line-height: 19px;\" align=\"right\" width=\"29\"><a title=\"\" data-original-title=\"\" href=\"#\" target=\"_blank\" style=\"color: #596167; font-family: Arial, Helvetica, sans-serif; font-size: 12px;\"><font color=\"#596167\" size=\"2\" face=\"Arial, Helvetica, sans-serif\"></font></a></td></tr></tbody></table></div><!--social END--></td></tr></tbody></table></td></tr></tbody></table></div><!-- Item END--></td></tr></tbody></table><!-- padding --><div style=\"height: 50px; line-height: 50px; font-size: 10px;\"></div></td></tr><!--header END--><!--content 1 --><tr><td align=\"center\" bgcolor=\"#fbfcfd\"><table border=\"0\" cellpadding=\"0\" cellspacing=\"0\" width=\"90%\"><tbody><tr><td align=\"left\"><!-- padding --><div style=\"height: 40px; line-height: 40px; font-size: 10px;\"></div><div style=\"line-height: 44px;\"><font style=\"font-size: 34px;\" color=\"#57697e\" size=\"5\" face=\"Arial, Helvetica, sans-serif\"><span title=\"\" data-original-title=\"\" style=\"font-family: Arial, Helvetica, sans-serif; font-size: 34px; color: #57697e;\">Thank you for your order!</span></font></div><!-- padding --><div style=\"height: 30px; line-height: 30px; font-size: 10px;\"></div></td></tr><tr><td align=\"left\"><div style=\"line-height: 24px;\"><font style=\"font-size: 15px;\" color=\"#57697e\" size=\"4\" face=\"Arial, Helvetica, sans-serif\"><span title=\"\" data-original-title=\"\" style=\"font-family: Arial, Helvetica, sans-serif; font-size: 15px; color: #57697e;\">Hello {first_name} {last_name},</span></font></div><!-- padding --><div style=\"height: 20px; line-height: 20px; font-size: 10px;\"></div></td></tr><tr><td align=\"left\"><div style=\"line-height: 24px;\"><font style=\"font-size: 15px;\" color=\"#57697e\" size=\"4\" face=\"Arial, Helvetica, sans-serif\"><span title=\"\" data-original-title=\"\" style=\"font-family: Arial, Helvetica, sans-serif; font-size: 15px; color: #57697e;\">Your order has been received and will be with you shortly. <a title=\"\" data-original-title=\"\" href=\"{order_view_url}\">Click here</a> to view your order progress.</span></font><br></div><!-- padding --><div style=\"height: 20px; line-height: 20px; font-size: 10px;\"></div></td></tr><tr><td align=\"left\"><div style=\"line-height: 24px;\"><font style=\"font-size: 15px;\" color=\"#57697e\" size=\"4\" face=\"Arial, Helvetica, sans-serif\"><span title=\"\" data-original-title=\"\" style=\"font-family: Arial, Helvetica, sans-serif; font-size: 15px; color: #57697e;\">Your order number is {order_number}<br> This is a {order_type} order.</span></font></div><div style=\"line-height: 24px;\"><font style=\"font-size: 15px;\" color=\"#57697e\" size=\"4\" face=\"Arial, Helvetica, sans-serif\"><span title=\"\" data-original-title=\"\" style=\"font-family: Arial, Helvetica, sans-serif; font-size: 15px; color: #57697e;\"><br><strong>Order date:</strong> {order_date}<br><strong>Requested {order_type} time</strong> {order_time}<br><strong>Payment Method:</strong> {order_payment}</span></font></div><!-- padding --><div style=\"height: 30px; line-height: 30px; font-size: 10px;\"></div></td></tr><tr><td align=\"left\"><table border=\"0\" cellpadding=\"0\" cellspacing=\"0\" width=\"90%\"><tbody><tr><td><div style=\"line-height: 24px;\"><font style=\"font-size: 13px;\" color=\"#57697e\" size=\"3\" face=\"Arial, Helvetica, sans-serif\"><span title=\"\" data-original-title=\"\" style=\"font-family: Arial, Helvetica, sans-serif; font-size: 13px; color: #96a5b5;\">Name/Description</span></font></div></td><td><div style=\"line-height: 24px;\"><font style=\"font-size: 13px;\" color=\"#57697e\" size=\"3\" face=\"Arial, Helvetica, sans-serif\"><span title=\"\" data-original-title=\"\" style=\"font-family: Arial, Helvetica, sans-serif; font-size: 13px; color: #96a5b5;\">Unit Price</span></font></div></td><td><div style=\"line-height: 24px;\"><font style=\"font-size: 13px;\" color=\"#57697e\" size=\"3\" face=\"Arial, Helvetica, sans-serif\"><span title=\"\" data-original-title=\"\" style=\"font-family: Arial, Helvetica, sans-serif; font-size: 13px; color: #96a5b5;\">Sub Total</span></font></div></td></tr><tr><td>{order_menus}<br></td><td><br></td><td><br></td></tr><tr style=\"border-top:1px dashed #c3cbd5;\"><td><div style=\"line-height: 24px;\"><font style=\"font-size: 15px;font-weight:bold;\" color=\"#57697e\" size=\"4\" face=\"Arial, Helvetica, sans-serif\"><span title=\"\" data-original-title=\"\" style=\"font-family: Arial, Helvetica, sans-serif; font-size: 15px; color: #57697e;\">{menu_quantity} x {menu_name}</span></font></div><div style=\"line-height: 24px;\"><font style=\"font-size: 15px;\" color=\"#96a5b5\" size=\"4\" face=\"Arial, Helvetica, sans-serif\"><span title=\"\" data-original-title=\"\" style=\"font-family: Arial, Helvetica, sans-serif; font-size: 15px; color: #96a5b5;\">{menu_options}</span></font></div><div style=\"line-height: 24px;\"><font style=\"font-size: 15px;\" color=\"#96a5b5\" size=\"4\" face=\"Arial, Helvetica, sans-serif\"><span title=\"\" data-original-title=\"\" style=\"font-family: Arial, Helvetica, sans-serif; font-size: 15px; color: #96a5b5;\">{menu_comment}</span></font></div></td><td><div style=\"line-height: 24px;\"><font style=\"font-size: 15px;\" color=\"#57697e\" size=\"4\" face=\"Arial, Helvetica, sans-serif\"><span title=\"\" data-original-title=\"\" style=\"font-family: Arial, Helvetica, sans-serif; font-size: 15px; color: #57697e;\">{menu_price}</span></font></div></td><td><div style=\"line-height: 24px;\"><font style=\"font-size: 15px;\" color=\"#57697e\" size=\"4\" face=\"Arial, Helvetica, sans-serif\"><span title=\"\" data-original-title=\"\" style=\"font-family: Arial, Helvetica, sans-serif; font-size: 15px; color: #57697e;\">{menu_subtotal}</span></font></div></td></tr><tr><td>{/order_menus}</td><td><br></td><td><br></td></tr><tr><td><br></td><td>{order_totals}</td><td><br></td></tr><tr><td><br></td><td><div style=\"line-height: 24px;\"><font style=\"font-size: 15px;\" color=\"#57697e\" size=\"4\" face=\"Arial, Helvetica, sans-serif\"><span title=\"\" data-original-title=\"\" style=\"font-family: Arial, Helvetica, sans-serif; font-size: 15px; color: #57697e;\">{order_total_title}</span></font></div></td><td><div style=\"line-height: 24px;\"><font style=\"font-size: 15px;\" color=\"#57697e\" size=\"4\" face=\"Arial, Helvetica, sans-serif\"><span title=\"\" data-original-title=\"\" style=\"font-family: Arial, Helvetica, sans-serif; font-size: 15px; color: #57697e;\">{order_total_value}</span></font></div></td></tr><tr><td><br></td><td>{/order_totals}<br></td><td><br></td></tr></tbody></table><!-- padding --><div style=\"height: 20px; line-height: 20px; font-size: 10px;\"></div></td></tr><tr><td align=\"left\"><div style=\"line-height: 24px;\"><font style=\"font-size: 15px;\" color=\"#57697e\" size=\"4\" face=\"Arial, Helvetica, sans-serif\"><span title=\"\" data-original-title=\"\" style=\"font-family: Arial, Helvetica, sans-serif; font-size: 15px; color: #57697e;\">{order_comment}</span></font></div><!-- padding --><div style=\"height: 20px; line-height: 20px; font-size: 10px;\"></div></td></tr><tr><td align=\"left\"><div style=\"line-height: 24px;\"><font style=\"font-size: 15px;\" color=\"#57697e\" size=\"4\" face=\"Arial, Helvetica, sans-serif\"><span title=\"\" data-original-title=\"\" style=\"font-family: Arial, Helvetica, sans-serif; font-size: 15px; color: #57697e;\">{order_address}</span></font></div><div style=\"line-height: 24px;\"><font style=\"font-size: 15px;\" color=\"#57697e\" size=\"4\" face=\"Arial, Helvetica, sans-serif\"><span title=\"\" data-original-title=\"\" style=\"font-family: Arial, Helvetica, sans-serif; font-size: 15px; color: #57697e;\"><span title=\"\" data-original-title=\"\" style=\"font-weight: bold;\">Restaurant:</span> {location_name}</span></font></div><!-- padding --><div style=\"height: 40px; line-height: 40px; font-size: 10px;\"></div></td></tr><tr><td align=\"left\"><div style=\"line-height: 24px;\"><font style=\"font-size: 15px;\" color=\"#57697e\" size=\"4\" face=\"Arial, Helvetica, sans-serif\"><span title=\"\" data-original-title=\"\" style=\"font-family: Arial, Helvetica, sans-serif; font-size: 15px; color: #57697e;\">We hope to see you again soon.<br>{signature}</span></font></div><!-- padding --><div style=\"height: 40px; line-height: 40px; font-size: 10px;\"></div></td></tr></tbody></table></td></tr><!--content 1 END--><!--footer --><tr><td class=\"iage_footer\" align=\"center\" bgcolor=\"#ffffff\"><!-- padding --><div style=\"height: 20px; line-height: 20px; font-size: 10px;\"></div><table border=\"0\" cellpadding=\"0\" cellspacing=\"0\" width=\"100%\"><tbody><tr><td align=\"center\"><font style=\"font-size: 13px;\" color=\"#96a5b5\" size=\"3\" face=\"Arial, Helvetica, sans-serif\"><span title=\"\" data-original-title=\"\" style=\"font-family: Arial, Helvetica, sans-serif; font-size: 13px; color: #96a5b5;\">2015 © {site_name} All Rights Reserved.</span></font></td></tr></tbody></table><!-- padding --><div style=\"height: 20px; line-height: 20px; font-size: 10px;\"></div></td></tr><!--footer END--><tr><td><!-- padding --><div style=\"height: 80px; line-height: 80px; font-size: 10px;\"></div></td></tr></tbody></table><!--[if gte mso 10]></td></tr></table><![endif]--></td></tr></tbody></table></div>','2014-04-16 00:56:00','2014-07-20 14:29:55'),
(14,11,'reservation','Your Reservation Confirmation - {reservation_number}','<div id=\"mailsub\" class=\"notification\" align=\"center\"><table style=\"min-width: 320px;\" border=\"0\" cellpadding=\"0\" cellspacing=\"0\" width=\"100%\"><tbody><tr><td align=\"center\" bgcolor=\"#eff3f8\"><!--[if gte mso 10]><table width=\"680\" border=\"0\" cellspacing=\"0\" cellpadding=\"0\"><tr><td><![endif]--><table class=\"table_width_100\" style=\"max-width: 680px; min-width: 300px;\" border=\"0\" cellpadding=\"0\" cellspacing=\"0\" width=\"100%\"><tbody><tr><td><!-- padding --><div style=\"height: 80px; line-height: 80px; font-size: 10px;\"></div></td></tr><!--header --><tr><td align=\"center\" bgcolor=\"#ffffff\"><!-- padding --><div style=\"height: 30px; line-height: 30px; font-size: 10px;\"></div><table border=\"0\" cellpadding=\"0\" cellspacing=\"0\" width=\"90%\"><tbody><tr><td align=\"left\"><!-- Item --><div class=\"mob_center_bl\" style=\"float: left; display: inline-block; width: 115px;\"><table class=\"mob_center\" style=\"border-collapse: collapse;\" align=\"left\" border=\"0\" cellpadding=\"0\" cellspacing=\"0\" width=\"115\"><tbody><tr><td align=\"left\" valign=\"middle\"><!-- padding --><div style=\"height: 20px; line-height: 20px; font-size: 10px;\"></div><table border=\"0\" cellpadding=\"0\" cellspacing=\"0\" width=\"115\"><tbody><tr><td class=\"mob_center\" align=\"left\" valign=\"top\"><a href=\"{site_url}\" target=\"_blank\" style=\"color: #596167; font-family: Arial, Helvetica, sans-serif; font-size: 13px;\"><font face=\"Arial, Helvetica, sans-seri; font-size: 13px;\" color=\"#596167\" size=\"3\"><img src=\"{site_logo}\" alt=\"{site_name}\" style=\"display: block;\" height=\"19\" border=\"0\" width=\"115\"></font></a></td></tr></tbody></table></td></tr></tbody></table></div><!-- Item END--><!--[if gte mso 10]></td><td align=\"right\"><![endif]--><!-- Item --><div class=\"mob_center_bl\" style=\"float: right; display: inline-block; width: 88px;\"><table style=\"border-collapse: collapse;\" align=\"right\" border=\"0\" cellpadding=\"0\" cellspacing=\"0\" width=\"88\"><tbody><tr><td align=\"right\" valign=\"middle\"><!-- padding --><div style=\"height: 20px; line-height: 20px; font-size: 10px;\"></div><table border=\"0\" cellpadding=\"0\" cellspacing=\"0\" width=\"100%\"><tbody><tr><td align=\"right\"><!--social --><div class=\"mob_center_bl\" style=\"width: 88px;\"><table border=\"0\" cellpadding=\"0\" cellspacing=\"0\"><tbody><tr><td style=\"line-height: 19px;\" align=\"center\" width=\"30\"><a href=\"#\" target=\"_blank\" style=\"color: #596167; font-family: Arial, Helvetica, sans-serif; font-size: 12px;\"><font face=\"Arial, Helvetica, sans-serif\" color=\"#596167\" size=\"2\"></font></a></td><td style=\"line-height: 19px;\" align=\"center\" width=\"39\"><a href=\"#\" target=\"_blank\" style=\"color: #596167; font-family: Arial, Helvetica, sans-serif; font-size: 12px;\"><font face=\"Arial, Helvetica, sans-serif\" color=\"#596167\" size=\"2\"></font></a></td><td style=\"line-height: 19px;\" align=\"right\" width=\"29\"><a href=\"#\" target=\"_blank\" style=\"color: #596167; font-family: Arial, Helvetica, sans-serif; font-size: 12px;\"><font face=\"Arial, Helvetica, sans-serif\" color=\"#596167\" size=\"2\"></font></a></td></tr></tbody></table></div><!--social END--></td></tr></tbody></table></td></tr></tbody></table></div><!-- Item END--></td></tr></tbody></table><!-- padding --><div style=\"height: 50px; line-height: 50px; font-size: 10px;\"></div></td></tr><!--header END--><!--content 1 --><tr><td align=\"center\" bgcolor=\"#fbfcfd\"><table border=\"0\" cellpadding=\"0\" cellspacing=\"0\" width=\"90%\"><tbody><tr><td align=\"left\"><!-- padding --><div style=\"height: 40px; line-height: 40px; font-size: 10px;\"></div><div style=\"line-height: 44px;\"><font style=\"font-size: 34px;\" face=\"Arial, Helvetica, sans-serif\" color=\"#57697e\" size=\"5\"><span style=\"font-family: Arial, Helvetica, sans-serif; font-size: 34px; color: #57697e;\">Thank you for your reservation!</span></font></div><!-- padding --><div style=\"height: 30px; line-height: 30px; font-size: 10px;\"></div></td></tr><tr><td align=\"left\"><div style=\"line-height: 24px;\"><font style=\"font-size: 15px;\" face=\"Arial, Helvetica, sans-serif\" color=\"#57697e\" size=\"4\"><span style=\"font-family: Arial, Helvetica, sans-serif; font-size: 15px; color: #57697e;\">Hello {first_name} {last_name},</span></font></div><!-- padding --><div style=\"height: 20px; line-height: 20px; font-size: 10px;\"></div></td></tr><tr><td align=\"left\"><div style=\"line-height: 24px;\"><font style=\"font-size: 15px;\" face=\"Arial, Helvetica, sans-serif\" color=\"#57697e\" size=\"4\"><span style=\"font-family: Arial, Helvetica, sans-serif; font-size: 15px; color: #57697e;\">Your reservation {reservation_number} at {location_name} has been booked for {reservation_guest_no} person(s) on {reservation_date} at {reservation_time}.</span></font></div><!-- padding --><div style=\"height: 20px; line-height: 20px; font-size: 10px;\"></div></td></tr><tr><td align=\"left\"><div style=\"line-height: 24px;\"><font style=\"font-size: 15px;\" face=\"Arial, Helvetica, sans-serif\" color=\"#57697e\" size=\"4\"><span style=\"font-family: Arial, Helvetica, sans-serif; font-size: 15px; color: #57697e;\">Thanks for reserving with us online!</span></font></div><!-- padding --><div style=\"height: 20px; line-height: 20px; font-size: 10px;\"></div></td></tr><tr><td align=\"left\"><div style=\"line-height: 24px;\"><font style=\"font-size: 15px;\" face=\"Arial, Helvetica, sans-serif\" color=\"#57697e\" size=\"4\"><span style=\"font-family: Arial, Helvetica, sans-serif; font-size: 15px; color: #57697e;\">We hope to see you again soon.<br>{signature}</span></font></div><!-- padding --><div style=\"height: 40px; line-height: 40px; font-size: 10px;\"></div></td></tr></tbody></table></td></tr><!--content 1 END--><!--footer --><tr><td class=\"iage_footer\" align=\"center\" bgcolor=\"#ffffff\"><!-- padding --><div style=\"height: 20px; line-height: 20px; font-size: 10px;\"></div><table border=\"0\" cellpadding=\"0\" cellspacing=\"0\" width=\"100%\"><tbody><tr><td align=\"center\"><font style=\"font-size: 13px;\" face=\"Arial, Helvetica, sans-serif\" color=\"#96a5b5\" size=\"3\"><span style=\"font-family: Arial, Helvetica, sans-serif; font-size: 13px; color: #96a5b5;\">2015 © {site_name} All Rights Reserved.</span></font></td></tr></tbody></table><!-- padding --><div style=\"height: 20px; line-height: 20px; font-size: 10px;\"></div></td></tr><!--footer END--><tr><td><!-- padding --><div style=\"height: 80px; line-height: 80px; font-size: 10px;\"></div></td></tr></tbody></table><!--[if gte mso 10]></td></tr></table><![endif]--></td></tr></tbody></table></div>','2014-04-16 00:56:00','2014-07-22 20:13:48'),
(15,11,'contact','Contact on {site_name}','<div id=\"mailsub\" class=\"notification\" align=\"center\"><table style=\"min-width: 320px;\" border=\"0\" cellpadding=\"0\" cellspacing=\"0\" width=\"100%\"><tbody><tr><td align=\"center\" bgcolor=\"#eff3f8\"><!--[if gte mso 10]><table width=\"680\" border=\"0\" cellspacing=\"0\" cellpadding=\"0\"><tr><td><![endif]--><table class=\"table_width_100\" style=\"max-width: 680px; min-width: 300px;\" border=\"0\" cellpadding=\"0\" cellspacing=\"0\" width=\"100%\"><tbody><tr><td><!-- padding --><div style=\"height: 80px; line-height: 80px; font-size: 10px;\"></div></td></tr><!--header --><tr><td align=\"center\" bgcolor=\"#ffffff\"><!-- padding --><div style=\"height: 30px; line-height: 30px; font-size: 10px;\"></div><table border=\"0\" cellpadding=\"0\" cellspacing=\"0\" width=\"90%\"><tbody><tr><td align=\"left\"><!-- Item --><div class=\"mob_center_bl\" style=\"float: left; display: inline-block; width: 115px;\"><table class=\"mob_center\" style=\"border-collapse: collapse;\" align=\"left\" border=\"0\" cellpadding=\"0\" cellspacing=\"0\" width=\"115\"><tbody><tr><td align=\"left\" valign=\"middle\"><!-- padding --><div style=\"height: 20px; line-height: 20px; font-size: 10px;\"></div><table border=\"0\" cellpadding=\"0\" cellspacing=\"0\" width=\"115\"><tbody><tr><td class=\"mob_center\" align=\"left\" valign=\"top\"><a href=\"{site_url}\" target=\"_blank\" style=\"color: #596167; font-family: Arial, Helvetica, sans-serif; font-size: 13px;\"><font face=\"Arial, Helvetica, sans-seri; font-size: 13px;\" color=\"#596167\" size=\"3\"><img src=\"{site_logo}\" alt=\"{site_name}\" style=\"display: block;\" height=\"19\" border=\"0\" width=\"115\"></font></a></td></tr></tbody></table></td></tr></tbody></table></div><!-- Item END--><!--[if gte mso 10]></td><td align=\"right\"><![endif]--><!-- Item --><div class=\"mob_center_bl\" style=\"float: right; display: inline-block; width: 88px;\"><table style=\"border-collapse: collapse;\" align=\"right\" border=\"0\" cellpadding=\"0\" cellspacing=\"0\" width=\"88\"><tbody><tr><td align=\"right\" valign=\"middle\"><!-- padding --><div style=\"height: 20px; line-height: 20px; font-size: 10px;\"></div><table border=\"0\" cellpadding=\"0\" cellspacing=\"0\" width=\"100%\"><tbody><tr><td align=\"right\"><!--social --><div class=\"mob_center_bl\" style=\"width: 88px;\"><table border=\"0\" cellpadding=\"0\" cellspacing=\"0\"><tbody><tr><td style=\"line-height: 19px;\" align=\"center\" width=\"30\"><a href=\"#\" target=\"_blank\" style=\"color: #596167; font-family: Arial, Helvetica, sans-serif; font-size: 12px;\"><font face=\"Arial, Helvetica, sans-serif\" color=\"#596167\" size=\"2\"></font></a></td><td style=\"line-height: 19px;\" align=\"center\" width=\"39\"><a href=\"#\" target=\"_blank\" style=\"color: #596167; font-family: Arial, Helvetica, sans-serif; font-size: 12px;\"><font face=\"Arial, Helvetica, sans-serif\" color=\"#596167\" size=\"2\"></font></a></td><td style=\"line-height: 19px;\" align=\"right\" width=\"29\"><a href=\"#\" target=\"_blank\" style=\"color: #596167; font-family: Arial, Helvetica, sans-serif; font-size: 12px;\"><font face=\"Arial, Helvetica, sans-serif\" color=\"#596167\" size=\"2\"></font></a></td></tr></tbody></table></div><!--social END--></td></tr></tbody></table></td></tr></tbody></table></div><!-- Item END--></td></tr></tbody></table><!-- padding --><div style=\"height: 50px; line-height: 50px; font-size: 10px;\"></div></td></tr><!--header END--><!--content 1 --><tr><td align=\"center\" bgcolor=\"#fbfcfd\"><table border=\"0\" cellpadding=\"0\" cellspacing=\"0\" width=\"90%\"><tbody><tr><td align=\"left\"><!-- padding --><div style=\"height: 40px; line-height: 40px; font-size: 10px;\"></div><div style=\"line-height: 44px;\"><font style=\"font-size: 34px;\" face=\"Arial, Helvetica, sans-serif\" color=\"#57697e\" size=\"5\"><span style=\"font-family: Arial, Helvetica, sans-serif; font-size: 34px; color: #57697e;\">Someone just contacted you!</span></font></div><!-- padding --><div style=\"height: 30px; line-height: 30px; font-size: 10px;\"></div></td></tr><tr><td align=\"left\"><div style=\"line-height: 24px;\"><font style=\"font-size: 15px;\" face=\"Arial, Helvetica, sans-serif\" color=\"#57697e\" size=\"4\"><span style=\"font-family: Arial, Helvetica, sans-serif; font-size: 15px; color: #57697e;\">Hello Admin,</span></font></div><!-- padding --><div style=\"height: 20px; line-height: 20px; font-size: 10px;\"><br></div></td></tr><tr><td align=\"left\"><div style=\"line-height: 24px;\"><font style=\"font-size: 15px;\" face=\"Arial, Helvetica, sans-serif\" color=\"#57697e\" size=\"4\"><span style=\"font-family: Arial, Helvetica, sans-serif; font-size: 15px; color: #57697e;\">From: {full_name}</span></font></div><div style=\"line-height: 24px;\"><font style=\"font-size: 15px;\" face=\"Arial, Helvetica, sans-serif\" color=\"#57697e\" size=\"4\"><span style=\"font-family: Arial, Helvetica, sans-serif; font-size: 15px; color: #57697e;\">Topic: {contact_topic}.</span></font></div><div style=\"line-height: 24px;\"><font style=\"font-size: 15px;\" face=\"Arial, Helvetica, sans-serif\" color=\"#57697e\" size=\"4\"><span style=\"font-family: Arial, Helvetica, sans-serif; font-size: 15px; color: #57697e;\">Telephone: {contact_telephone}.</span></font></div><div style=\"line-height: 24px;\"><font style=\"font-size: 15px;\" face=\"Arial, Helvetica, sans-serif\" color=\"#57697e\" size=\"4\"><span style=\"font-family: Arial, Helvetica, sans-serif; font-size: 15px; color: #57697e;\"><br></span></font></div><div style=\"line-height: 24px;\"><font style=\"font-size: 15px;\" face=\"Arial, Helvetica, sans-serif\" color=\"#57697e\" size=\"4\"><span style=\"font-family: Arial, Helvetica, sans-serif; font-size: 15px; color: #57697e;\">{contact_message}</span></font></div><div style=\"line-height: 24px;\"><font style=\"font-size: 15px;\" face=\"Arial, Helvetica, sans-serif\" color=\"#57697e\" size=\"4\"><span style=\"font-family: Arial, Helvetica, sans-serif; font-size: 15px; color: #57697e;\"><br></span></font></div><div style=\"line-height: 24px;\"><font style=\"font-size: 15px;\" face=\"Arial, Helvetica, sans-serif\" color=\"#57697e\" size=\"4\"><span style=\"font-family: Arial, Helvetica, sans-serif; font-size: 15px; color: #57697e;\">This inquiry was sent from {site_name}</span></font></div><div style=\"line-height: 24px;\"><font style=\"font-size: 15px;\" face=\"Arial, Helvetica, sans-serif\" color=\"#57697e\" size=\"4\"><span style=\"font-family: Arial, Helvetica, sans-serif; font-size: 15px; color: #57697e;\">{signature}<br></span></font></div><!-- padding --><div style=\"height: 20px; line-height: 20px; font-size: 10px;\"></div></td></tr></tbody></table></td></tr><!--content 1 END--><!--footer --><tr><td class=\"iage_footer\" align=\"center\" bgcolor=\"#ffffff\"><!-- padding --><div style=\"height: 20px; line-height: 20px; font-size: 10px;\"></div><table border=\"0\" cellpadding=\"0\" cellspacing=\"0\" width=\"100%\"><tbody><tr><td align=\"center\"><font style=\"font-size: 13px;\" face=\"Arial, Helvetica, sans-serif\" color=\"#96a5b5\" size=\"3\"><span style=\"font-family: Arial, Helvetica, sans-serif; font-size: 13px; color: #96a5b5;\">2015 © {site_name} All Rights Reserved.</span></font></td></tr></tbody></table><!-- padding --><div style=\"height: 20px; line-height: 20px; font-size: 10px;\"></div></td></tr><!--footer END--><tr><td><!-- padding --><div style=\"height: 80px; line-height: 80px; font-size: 10px;\"></div></td></tr></tbody></table><!--[if gte mso 10]></td></tr></table><![endif]--></td></tr></tbody></table></div>','2014-04-16 00:56:00','2014-05-15 18:00:57'),
(16,11,'internal','Subject here','Body here','2014-04-16 00:56:00','2014-04-16 00:59:00'),
(17,11,'order_alert','New order on {site_name}','<div id=\"mailsub\" class=\"notification\" align=\"center\"><table style=\"min-width: 320px;\" border=\"0\" cellpadding=\"0\" cellspacing=\"0\" width=\"100%\"><tbody><tr><td align=\"center\" bgcolor=\"#eff3f8\"><!--[if gte mso 10]><table width=\"680\" border=\"0\" cellspacing=\"0\" cellpadding=\"0\"><tr><td><![endif]--><table class=\"table_width_100\" style=\"max-width: 680px; min-width: 300px;\" border=\"0\" cellpadding=\"0\" cellspacing=\"0\" width=\"100%\"><tbody><tr><td><!-- padding --><div style=\"height: 80px; line-height: 80px; font-size: 10px;\"></div></td></tr><!--header --><tr><td align=\"center\" bgcolor=\"#ffffff\"><!-- padding --><div style=\"height: 30px; line-height: 30px; font-size: 10px;\"></div><table border=\"0\" cellpadding=\"0\" cellspacing=\"0\" width=\"90%\"><tbody><tr><td align=\"left\"><!-- Item --><div class=\"mob_center_bl\" style=\"float: left; display: inline-block; width: 115px;\"><table class=\"mob_center\" style=\"border-collapse: collapse;\" align=\"left\" border=\"0\" cellpadding=\"0\" cellspacing=\"0\" width=\"115\"><tbody><tr><td align=\"left\" valign=\"middle\"><!-- padding --><div style=\"height: 20px; line-height: 20px; font-size: 10px;\"></div><table border=\"0\" cellpadding=\"0\" cellspacing=\"0\" width=\"115\"><tbody><tr><td class=\"mob_center\" align=\"left\" valign=\"top\"><a title=\"\" data-original-title=\"\" href=\"{site_url}\" target=\"_blank\" style=\"color: #596167; font-family: Arial, Helvetica, sans-serif; font-size: 13px;\"><font color=\"#596167\" size=\"3\" face=\"Arial, Helvetica, sans-seri; font-size: 13px;\"><img src=\"{site_logo}\" alt=\"{site_name}\" style=\"display: block;\" border=\"0\" width=\"115\" height=\"19\"></font></a></td></tr></tbody></table></td></tr></tbody></table></div><!-- Item END--><!--[if gte mso 10]></td><td align=\"right\"><![endif]--><!-- Item --><div class=\"mob_center_bl\" style=\"float: right; display: inline-block; width: 88px;\"><table style=\"border-collapse: collapse;\" align=\"right\" border=\"0\" cellpadding=\"0\" cellspacing=\"0\" width=\"88\"><tbody><tr><td align=\"right\" valign=\"middle\"><!-- padding --><div style=\"height: 20px; line-height: 20px; font-size: 10px;\"></div><table border=\"0\" cellpadding=\"0\" cellspacing=\"0\" width=\"100%\"><tbody><tr><td align=\"right\"><!--social --><div class=\"mob_center_bl\" style=\"width: 88px;\"><table border=\"0\" cellpadding=\"0\" cellspacing=\"0\"><tbody><tr><td style=\"line-height: 19px;\" align=\"center\" width=\"30\"><a title=\"\" data-original-title=\"\" href=\"#\" target=\"_blank\" style=\"color: #596167; font-family: Arial, Helvetica, sans-serif; font-size: 12px;\"><font color=\"#596167\" size=\"2\" face=\"Arial, Helvetica, sans-serif\"></font></a></td><td style=\"line-height: 19px;\" align=\"center\" width=\"39\"><a title=\"\" data-original-title=\"\" href=\"#\" target=\"_blank\" style=\"color: #596167; font-family: Arial, Helvetica, sans-serif; font-size: 12px;\"><font color=\"#596167\" size=\"2\" face=\"Arial, Helvetica, sans-serif\"></font></a></td><td style=\"line-height: 19px;\" align=\"right\" width=\"29\"><a title=\"\" data-original-title=\"\" href=\"#\" target=\"_blank\" style=\"color: #596167; font-family: Arial, Helvetica, sans-serif; font-size: 12px;\"><font color=\"#596167\" size=\"2\" face=\"Arial, Helvetica, sans-serif\"></font></a></td></tr></tbody></table></div><!--social END--></td></tr></tbody></table></td></tr></tbody></table></div><!-- Item END--></td></tr></tbody></table><!-- padding --><div style=\"height: 50px; line-height: 50px; font-size: 10px;\"></div></td></tr><!--header END--><!--content 1 --><tr><td align=\"center\" bgcolor=\"#fbfcfd\"><table border=\"0\" cellpadding=\"0\" cellspacing=\"0\" width=\"90%\"><tbody><tr><td align=\"left\"><!-- padding --><div style=\"height: 40px; line-height: 40px; font-size: 10px;\"></div><div style=\"line-height: 44px;\"><font style=\"font-size: 34px;\" color=\"#57697e\" size=\"5\" face=\"Arial, Helvetica, sans-serif\"><span title=\"\" data-original-title=\"\" style=\"font-family: Arial, Helvetica, sans-serif; font-size: 34px; color: #57697e;\">You received an order!</span></font></div><!-- padding --><div style=\"height: 30px; line-height: 30px; font-size: 10px;\"></div></td></tr><tr><td align=\"left\"><div style=\"line-height: 24px;\"><font style=\"font-size: 15px;\" color=\"#57697e\" size=\"4\" face=\"Arial, Helvetica, sans-serif\"><span title=\"\" data-original-title=\"\" style=\"font-family: Arial, Helvetica, sans-serif; font-size: 15px; color: #57697e;\">You just received an order from {location_name}.</span></font><br></div><!-- padding --><div style=\"height: 20px; line-height: 20px; font-size: 10px;\"></div></td></tr><tr><td align=\"left\"><div style=\"line-height: 24px;\"><font style=\"font-size: 15px;\" color=\"#57697e\" size=\"4\" face=\"Arial, Helvetica, sans-serif\"><span title=\"\" data-original-title=\"\" style=\"font-family: Arial, Helvetica, sans-serif; font-size: 15px; color: #57697e;\">The order number is {order_number}<br> This is a {order_type} order.</span></font></div><div style=\"line-height: 24px;\"><font style=\"font-size: 15px;\" color=\"#57697e\" size=\"4\" face=\"Arial, Helvetica, sans-serif\"><span title=\"\" data-original-title=\"\" style=\"font-family: Arial, Helvetica, sans-serif; font-size: 15px; color: #57697e;\"><br><strong>Customer name:</strong> {first_name} {last_name}<br><strong>Order date:</strong> {order_date}<br><strong>Requested {order_type} time</strong> {order_time}<br><strong>Payment Method:</strong> {order_payment}<br><br></span></font></div><!-- padding --><div style=\"height: 10px; line-height: 10px; font-size: 10px;\"></div></td></tr><tr><td align=\"left\"><div style=\"line-height: 24px;\"><font style=\"font-size: 15px;\" color=\"#57697e\" size=\"4\" face=\"Arial, Helvetica, sans-serif\"><span title=\"\" data-original-title=\"\" style=\"font-family: Arial, Helvetica, sans-serif; font-size: 15px; color: #57697e;\"></span></font></div><!-- padding --><div style=\"height: 30px; line-height: 30px; font-size: 10px;\"></div></td></tr><tr><td align=\"left\"><table border=\"0\" cellpadding=\"0\" cellspacing=\"0\" width=\"90%\"><tbody><tr><td><div style=\"line-height: 24px;\"><font style=\"font-size: 13px;\" color=\"#57697e\" size=\"3\" face=\"Arial, Helvetica, sans-serif\"><span title=\"\" data-original-title=\"\" style=\"font-family: Arial, Helvetica, sans-serif; font-size: 13px; color: #96a5b5;\">Name/Description</span></font></div></td><td><div style=\"line-height: 24px;\"><font style=\"font-size: 13px;\" color=\"#57697e\" size=\"3\" face=\"Arial, Helvetica, sans-serif\"><span title=\"\" data-original-title=\"\" style=\"font-family: Arial, Helvetica, sans-serif; font-size: 13px; color: #96a5b5;\">Unit Price</span></font></div></td><td><div style=\"line-height: 24px;\"><font style=\"font-size: 13px;\" color=\"#57697e\" size=\"3\" face=\"Arial, Helvetica, sans-serif\"><span title=\"\" data-original-title=\"\" style=\"font-family: Arial, Helvetica, sans-serif; font-size: 13px; color: #96a5b5;\">Sub Total</span></font></div></td></tr><tr><td>{order_menus}<br></td><td><br></td><td><br></td></tr><tr style=\"border-top:1px dashed #c3cbd5;\"><td><div style=\"line-height: 24px;\"><font style=\"font-size: 15px;font-weight:bold;\" color=\"#57697e\" size=\"4\" face=\"Arial, Helvetica, sans-serif\"><span title=\"\" data-original-title=\"\" style=\"font-family: Arial, Helvetica, sans-serif; font-size: 15px; color: #57697e;\">{menu_quantity} x {menu_name}</span></font></div><div style=\"line-height: 24px;\"><font style=\"font-size: 15px;\" color=\"#96a5b5\" size=\"4\" face=\"Arial, Helvetica, sans-serif\"><span title=\"\" data-original-title=\"\" style=\"font-family: Arial, Helvetica, sans-serif; font-size: 15px; color: #96a5b5;\">{menu_options}</span></font></div><div style=\"line-height: 24px;\"><font style=\"font-size: 15px;\" color=\"#96a5b5\" size=\"4\" face=\"Arial, Helvetica, sans-serif\"><span title=\"\" data-original-title=\"\" style=\"font-family: Arial, Helvetica, sans-serif; font-size: 15px; color: #96a5b5;\">{menu_comment}</span></font></div></td><td><div style=\"line-height: 24px;\"><font style=\"font-size: 15px;\" color=\"#57697e\" size=\"4\" face=\"Arial, Helvetica, sans-serif\"><span title=\"\" data-original-title=\"\" style=\"font-family: Arial, Helvetica, sans-serif; font-size: 15px; color: #57697e;\">{menu_price}</span></font></div></td><td><div style=\"line-height: 24px;\"><font style=\"font-size: 15px;\" color=\"#57697e\" size=\"4\" face=\"Arial, Helvetica, sans-serif\"><span title=\"\" data-original-title=\"\" style=\"font-family: Arial, Helvetica, sans-serif; font-size: 15px; color: #57697e;\">{menu_subtotal}</span></font></div></td></tr><tr><td>{/order_menus}</td><td><br></td><td><br></td></tr><tr><td><br></td><td>{order_totals}</td><td><br></td></tr><tr><td><br></td><td><div style=\"line-height: 24px;\"><font style=\"font-size: 15px;\" color=\"#57697e\" size=\"4\" face=\"Arial, Helvetica, sans-serif\"><span title=\"\" data-original-title=\"\" style=\"font-family: Arial, Helvetica, sans-serif; font-size: 15px; color: #57697e;\">{order_total_title}</span></font></div></td><td><div style=\"line-height: 24px;\"><font style=\"font-size: 15px;\" color=\"#57697e\" size=\"4\" face=\"Arial, Helvetica, sans-serif\"><span title=\"\" data-original-title=\"\" style=\"font-family: Arial, Helvetica, sans-serif; font-size: 15px; color: #57697e;\">{order_total_value}</span></font></div></td></tr><tr><td><br></td><td>{/order_totals}<br></td><td><br></td></tr></tbody></table><!-- padding --><div style=\"height: 20px; line-height: 20px; font-size: 10px;\"></div></td></tr><tr><td align=\"left\"><div style=\"line-height: 24px;\"><font style=\"font-size: 15px;\" color=\"#57697e\" size=\"4\" face=\"Arial, Helvetica, sans-serif\"><span title=\"\" data-original-title=\"\" style=\"font-family: Arial, Helvetica, sans-serif; font-size: 15px; color: #57697e;\">{order_comment}</span></font></div><!-- padding --><div style=\"height: 20px; line-height: 20px; font-size: 10px;\"></div></td></tr><tr><td align=\"left\"><!-- padding --><div style=\"height: 40px; line-height: 40px; font-size: 10px;\"></div></td></tr></tbody></table></td></tr><!--content 1 END--><!--footer --><tr><td class=\"iage_footer\" align=\"center\" bgcolor=\"#ffffff\"><!-- padding --><div style=\"height: 20px; line-height: 20px; font-size: 10px;\"></div><table border=\"0\" cellpadding=\"0\" cellspacing=\"0\" width=\"100%\"><tbody><tr><td align=\"center\"><font style=\"font-size: 13px;\" color=\"#96a5b5\" size=\"3\" face=\"Arial, Helvetica, sans-serif\"><span title=\"\" data-original-title=\"\" style=\"font-family: Arial, Helvetica, sans-serif; font-size: 13px; color: #96a5b5;\">2015 © {site_name} All Rights Reserved.</span></font></td></tr></tbody></table><!-- padding --><div style=\"height: 20px; line-height: 20px; font-size: 10px;\"></div></td></tr><!--footer END--><tr><td><!-- padding --><div style=\"height: 80px; line-height: 80px; font-size: 10px;\"></div></td></tr></tbody></table><!--[if gte mso 10]></td></tr></table><![endif]--></td></tr></tbody></table></div>','2014-04-16 00:56:00','2014-04-16 00:59:00'),
(18,11,'reservation_alert','New reservation on {site_name}','<div id=\"mailsub\" class=\"notification\" align=\"center\"><table style=\"min-width: 320px;\" border=\"0\" cellpadding=\"0\" cellspacing=\"0\" width=\"100%\"><tbody><tr><td align=\"center\" bgcolor=\"#eff3f8\"><!--[if gte mso 10]><table width=\"680\" border=\"0\" cellspacing=\"0\" cellpadding=\"0\"><tr><td><![endif]--><table class=\"table_width_100\" style=\"max-width: 680px; min-width: 300px;\" border=\"0\" cellpadding=\"0\" cellspacing=\"0\" width=\"100%\"><tbody><tr><td><!-- padding --><div style=\"height: 80px; line-height: 80px; font-size: 10px;\"></div></td></tr><!--header --><tr><td align=\"center\" bgcolor=\"#ffffff\"><!-- padding --><div style=\"height: 30px; line-height: 30px; font-size: 10px;\"></div><table border=\"0\" cellpadding=\"0\" cellspacing=\"0\" width=\"90%\"><tbody><tr><td align=\"left\"><!-- Item --><div class=\"mob_center_bl\" style=\"float: left; display: inline-block; width: 115px;\"><table class=\"mob_center\" style=\"border-collapse: collapse;\" align=\"left\" border=\"0\" cellpadding=\"0\" cellspacing=\"0\" width=\"115\"><tbody><tr><td align=\"left\" valign=\"middle\"><!-- padding --><div style=\"height: 20px; line-height: 20px; font-size: 10px;\"></div><table border=\"0\" cellpadding=\"0\" cellspacing=\"0\" width=\"115\"><tbody><tr><td class=\"mob_center\" align=\"left\" valign=\"top\"><a href=\"{site_url}\" target=\"_blank\" style=\"color: #596167; font-family: Arial, Helvetica, sans-serif; font-size: 13px;\"><font face=\"Arial, Helvetica, sans-seri; font-size: 13px;\" color=\"#596167\" size=\"3\"><img src=\"{site_logo}\" alt=\"{site_name}\" style=\"display: block;\" height=\"19\" border=\"0\" width=\"115\"></font></a></td></tr></tbody></table></td></tr></tbody></table></div><!-- Item END--><!--[if gte mso 10]></td><td align=\"right\"><![endif]--><!-- Item --><div class=\"mob_center_bl\" style=\"float: right; display: inline-block; width: 88px;\"><table style=\"border-collapse: collapse;\" align=\"right\" border=\"0\" cellpadding=\"0\" cellspacing=\"0\" width=\"88\"><tbody><tr><td align=\"right\" valign=\"middle\"><!-- padding --><div style=\"height: 20px; line-height: 20px; font-size: 10px;\"></div><table border=\"0\" cellpadding=\"0\" cellspacing=\"0\" width=\"100%\"><tbody><tr><td align=\"right\"><!--social --><div class=\"mob_center_bl\" style=\"width: 88px;\"><table border=\"0\" cellpadding=\"0\" cellspacing=\"0\"><tbody><tr><td style=\"line-height: 19px;\" align=\"center\" width=\"30\"><a href=\"#\" target=\"_blank\" style=\"color: #596167; font-family: Arial, Helvetica, sans-serif; font-size: 12px;\"><font face=\"Arial, Helvetica, sans-serif\" color=\"#596167\" size=\"2\"></font></a></td><td style=\"line-height: 19px;\" align=\"center\" width=\"39\"><a href=\"#\" target=\"_blank\" style=\"color: #596167; font-family: Arial, Helvetica, sans-serif; font-size: 12px;\"><font face=\"Arial, Helvetica, sans-serif\" color=\"#596167\" size=\"2\"></font></a></td><td style=\"line-height: 19px;\" align=\"right\" width=\"29\"><a href=\"#\" target=\"_blank\" style=\"color: #596167; font-family: Arial, Helvetica, sans-serif; font-size: 12px;\"><font face=\"Arial, Helvetica, sans-serif\" color=\"#596167\" size=\"2\"></font></a></td></tr></tbody></table></div><!--social END--></td></tr></tbody></table></td></tr></tbody></table></div><!-- Item END--></td></tr></tbody></table><!-- padding --><div style=\"height: 50px; line-height: 50px; font-size: 10px;\"></div></td></tr><!--header END--><!--content 1 --><tr><td align=\"center\" bgcolor=\"#fbfcfd\"><table border=\"0\" cellpadding=\"0\" cellspacing=\"0\" width=\"90%\"><tbody><tr><td align=\"left\"><!-- padding --><div style=\"height: 40px; line-height: 40px; font-size: 10px;\"></div><div style=\"line-height: 44px;\"><font style=\"font-size: 34px;\" face=\"Arial, Helvetica, sans-serif\" color=\"#57697e\" size=\"5\"><span style=\"font-family: Arial, Helvetica, sans-serif; font-size: 34px; color: #57697e;\">You received a table reservation!</span></font></div><!-- padding --><div style=\"height: 30px; line-height: 30px; font-size: 10px;\"></div></td></tr><tr><td align=\"left\"><div style=\"line-height: 24px;\"><font style=\"font-size: 15px;\" face=\"Arial, Helvetica, sans-serif\" color=\"#57697e\" size=\"4\"><span style=\"font-family: Arial, Helvetica, sans-serif; font-size: 15px; color: #57697e;\"><span style=\"font-weight: bold;\">Customer name:</span> {first_name} {last_name}</span></font></div><!-- padding --></td></tr><tr><td align=\"left\"><div style=\"line-height: 24px;\"><font style=\"font-size: 15px;\" face=\"Arial, Helvetica, sans-serif\" color=\"#57697e\" size=\"4\"><span style=\"font-family: Arial, Helvetica, sans-serif; font-size: 15px; color: #57697e;\"><span style=\"font-weight: bold;\">Reservation no:</span> {reservation_number} </span></font></div><div style=\"line-height: 24px;\"><font style=\"font-size: 15px;\" face=\"Arial, Helvetica, sans-serif\" color=\"#57697e\" size=\"4\"><span style=\"font-family: Arial, Helvetica, sans-serif; font-size: 15px; color: #57697e;\"><span style=\"font-weight: bold;\">Restaurant:</span> {location_name} </span></font></div><div style=\"line-height: 24px;\"><font style=\"font-size: 15px;\" face=\"Arial, Helvetica, sans-serif\" color=\"#57697e\" size=\"4\"><span style=\"font-family: Arial, Helvetica, sans-serif; font-size: 15px; color: #57697e;\"><span style=\"font-weight: bold;\">No of guest(s):</span> {reservation_guest_no} person(s) </span></font></div><div style=\"line-height: 24px;\"><font style=\"font-size: 15px;\" face=\"Arial, Helvetica, sans-serif\" color=\"#57697e\" size=\"4\"><span style=\"font-family: Arial, Helvetica, sans-serif; font-size: 15px; color: #57697e;\"><span style=\"font-weight: bold;\">Reservation date:</span> {reservation_date}</span></font></div><div style=\"line-height: 24px;\"><font style=\"font-size: 15px;\" face=\"Arial, Helvetica, sans-serif\" color=\"#57697e\" size=\"4\"><span style=\"font-family: Arial, Helvetica, sans-serif; font-size: 15px; color: #57697e;\"><font style=\"font-size: 15px;\" face=\"Arial, Helvetica, sans-serif\" color=\"#57697e\" size=\"4\"><span style=\"font-family: Arial, Helvetica, sans-serif; font-size: 15px; color: #57697e;\"><span style=\"font-weight: bold;\">Reservation time: </span></span></font>{reservation_time}</span></font></div><!-- padding --><div style=\"height: 20px; line-height: 20px; font-size: 10px;\"></div></td></tr><tr><td align=\"left\"><div style=\"line-height: 24px;\"><font style=\"font-size: 15px;\" face=\"Arial, Helvetica, sans-serif\" color=\"#57697e\" size=\"4\"><span style=\"font-family: Arial, Helvetica, sans-serif; font-size: 15px; color: #57697e;\">You received a table reservation from {site_name}<br></span></font></div><!-- padding --><div style=\"height: 40px; line-height: 40px; font-size: 10px;\"></div></td></tr></tbody></table></td></tr><!--content 1 END--><!--footer --><tr><td class=\"iage_footer\" align=\"center\" bgcolor=\"#ffffff\"><!-- padding --><div style=\"height: 20px; line-height: 20px; font-size: 10px;\"></div><table border=\"0\" cellpadding=\"0\" cellspacing=\"0\" width=\"100%\"><tbody><tr><td align=\"center\"><font style=\"font-size: 13px;\" face=\"Arial, Helvetica, sans-serif\" color=\"#96a5b5\" size=\"3\"><span style=\"font-family: Arial, Helvetica, sans-serif; font-size: 13px; color: #96a5b5;\">2015 © {site_name} All Rights Reserved.</span></font></td></tr></tbody></table><!-- padding --><div style=\"height: 20px; line-height: 20px; font-size: 10px;\"></div></td></tr><!--footer END--><tr><td><!-- padding --><div style=\"height: 80px; line-height: 80px; font-size: 10px;\"></div></td></tr></tbody></table><!--[if gte mso 10]></td></tr></table><![endif]--></td></tr></tbody></table></div>','2014-04-16 00:56:00','2014-04-16 00:59:00'),
(19,11,'registration_alert','New Customer on {site_name}','<div id=\"mailsub\" class=\"notification\" align=\"center\"><table style=\"min-width: 320px;\" border=\"0\" cellpadding=\"0\" cellspacing=\"0\" width=\"100%\"><tbody><tr><td align=\"center\" bgcolor=\"#eff3f8\"><!--[if gte mso 10]><table width=\"680\" border=\"0\" cellspacing=\"0\" cellpadding=\"0\"><tr><td><![endif]--><table class=\"table_width_100\" style=\"max-width: 680px; min-width: 300px;\" border=\"0\" cellpadding=\"0\" cellspacing=\"0\" width=\"100%\"><tbody><tr><td><!-- padding --><div style=\"height: 80px; line-height: 80px; font-size: 10px;\"></div></td></tr><!--header --><tr><td align=\"center\" bgcolor=\"#ffffff\"><!-- padding --><div style=\"height: 30px; line-height: 30px; font-size: 10px;\"></div><table border=\"0\" cellpadding=\"0\" cellspacing=\"0\" width=\"90%\"><tbody><tr><td align=\"left\"><!-- Item --><div class=\"mob_center_bl\" style=\"float: left; display: inline-block; width: 115px;\"><table class=\"mob_center\" style=\"border-collapse: collapse;\" align=\"left\" border=\"0\" cellpadding=\"0\" cellspacing=\"0\" width=\"115\"><tbody><tr><td align=\"left\" valign=\"middle\"><!-- padding --><div style=\"height: 20px; line-height: 20px; font-size: 10px;\"></div><table border=\"0\" cellpadding=\"0\" cellspacing=\"0\" width=\"115\"><tbody><tr><td class=\"mob_center\" align=\"left\" valign=\"top\"><a href=\"{site_url}\" target=\"_blank\" style=\"color: #596167; font-family: Arial, Helvetica, sans-serif; font-size: 13px;\"><font face=\"Arial, Helvetica, sans-seri; font-size: 13px;\" color=\"#596167\" size=\"3\"><img src=\"{site_logo}\" alt=\"{site_name}\" style=\"display: block;\" height=\"19\" border=\"0\" width=\"115\"></font></a></td></tr></tbody></table></td></tr></tbody></table></div><!-- Item END--><!--[if gte mso 10]></td><td align=\"right\"><![endif]--><!-- Item --><div class=\"mob_center_bl\" style=\"float: right; display: inline-block; width: 88px;\"><table style=\"border-collapse: collapse;\" align=\"right\" border=\"0\" cellpadding=\"0\" cellspacing=\"0\" width=\"88\"><tbody><tr><td align=\"right\" valign=\"middle\"><!-- padding --><div style=\"height: 20px; line-height: 20px; font-size: 10px;\"></div><table border=\"0\" cellpadding=\"0\" cellspacing=\"0\" width=\"100%\"><tbody><tr><td align=\"right\"><!--social --><div class=\"mob_center_bl\" style=\"width: 88px;\"><table border=\"0\" cellpadding=\"0\" cellspacing=\"0\"><tbody><tr><td style=\"line-height: 19px;\" align=\"center\" width=\"30\"><a href=\"#\" target=\"_blank\" style=\"color: #596167; font-family: Arial, Helvetica, sans-serif; font-size: 12px;\"><font face=\"Arial, Helvetica, sans-serif\" color=\"#596167\" size=\"2\"></font></a></td><td style=\"line-height: 19px;\" align=\"center\" width=\"39\"><a href=\"#\" target=\"_blank\" style=\"color: #596167; font-family: Arial, Helvetica, sans-serif; font-size: 12px;\"><font face=\"Arial, Helvetica, sans-serif\" color=\"#596167\" size=\"2\"></font></a></td><td style=\"line-height: 19px;\" align=\"right\" width=\"29\"><a href=\"#\" target=\"_blank\" style=\"color: #596167; font-family: Arial, Helvetica, sans-serif; font-size: 12px;\"><font face=\"Arial, Helvetica, sans-serif\" color=\"#596167\" size=\"2\"></font></a></td></tr></tbody></table></div><!--social END--></td></tr></tbody></table></td></tr></tbody></table></div><!-- Item END--></td></tr></tbody></table><!-- padding --><div style=\"height: 50px; line-height: 50px; font-size: 10px;\"></div></td></tr><!--header END--><!--content 1 --><tr><td align=\"center\" bgcolor=\"#fbfcfd\"><table border=\"0\" cellpadding=\"0\" cellspacing=\"0\" width=\"90%\"><tbody><tr><td align=\"left\"><!-- padding --><div style=\"height: 40px; line-height: 40px; font-size: 10px;\"></div><div style=\"line-height: 44px;\"><font style=\"font-size: 34px;\" face=\"Arial, Helvetica, sans-serif\" color=\"#57697e\" size=\"5\"><span style=\"font-family: Arial, Helvetica, sans-serif; font-size: 34px; color: #57697e;\">You have a new customer!</span></font></div><!-- padding --><div style=\"height: 30px; line-height: 30px; font-size: 10px;\"></div></td></tr><tr><td align=\"left\"><div style=\"line-height: 24px;\"><font style=\"font-size: 15px;\" face=\"Arial, Helvetica, sans-serif\" color=\"#57697e\" size=\"4\"><span style=\"font-family: Arial, Helvetica, sans-serif; font-size: 15px; color: #57697e;\"><span style=\"font-weight: bold;\">Customer name:</span> {first_name} {last_name}</span></font></div><!-- padding --><div style=\"height: 30px; line-height: 30px; font-size: 10px;\"></div></td></tr></tbody></table></td></tr><!--content 1 END--><!--footer --><tr><td class=\"iage_footer\" align=\"center\" bgcolor=\"#ffffff\"><!-- padding --><div style=\"height: 20px; line-height: 20px; font-size: 10px;\"></div><table border=\"0\" cellpadding=\"0\" cellspacing=\"0\" width=\"100%\"><tbody><tr><td align=\"center\"><font style=\"font-size: 13px;\" face=\"Arial, Helvetica, sans-serif\" color=\"#96a5b5\" size=\"3\"><span style=\"font-family: Arial, Helvetica, sans-serif; font-size: 13px; color: #96a5b5;\">2015 © {site_name} All Rights Reserved.</span></font></td></tr></tbody></table><!-- padding --><div style=\"height: 20px; line-height: 20px; font-size: 10px;\"></div></td></tr><!--footer END--><tr><td><!-- padding --><div style=\"height: 80px; line-height: 80px; font-size: 10px;\"></div></td></tr></tbody></table><!--[if gte mso 10]></td></tr></table><![endif]--></td></tr></tbody></table></div>','2016-06-16 00:00:00','2016-06-16 00:00:00'),
(20,11,'password_reset_alert','Password reset at {site_name}','<div id=\"mailsub\" class=\"notification\" align=\"center\"><table style=\"min-width: 320px;\" border=\"0\" cellpadding=\"0\" cellspacing=\"0\" width=\"100%\"><tbody><tr><td align=\"center\" bgcolor=\"#eff3f8\"><!--[if gte mso 10]><table width=\"680\" border=\"0\" cellspacing=\"0\" cellpadding=\"0\"><tr><td><![endif]--><table class=\"table_width_100\" style=\"max-width: 680px; min-width: 300px;\" border=\"0\" cellpadding=\"0\" cellspacing=\"0\" width=\"100%\"><tbody><tr><td><!-- padding --><div style=\"height: 80px; line-height: 80px; font-size: 10px;\"></div></td></tr><!--header --><tr><td align=\"center\" bgcolor=\"#ffffff\"><!-- padding --><div style=\"height: 30px; line-height: 30px; font-size: 10px;\"></div><table border=\"0\" cellpadding=\"0\" cellspacing=\"0\" width=\"90%\"><tbody><tr><td align=\"left\"><!-- Item --><div class=\"mob_center_bl\" style=\"float: left; display: inline-block; width: 115px;\"><table class=\"mob_center\" style=\"border-collapse: collapse;\" align=\"left\" border=\"0\" cellpadding=\"0\" cellspacing=\"0\" width=\"115\"><tbody><tr><td align=\"left\" valign=\"middle\"><!-- padding --><div style=\"height: 20px; line-height: 20px; font-size: 10px;\"></div><table border=\"0\" cellpadding=\"0\" cellspacing=\"0\" width=\"115\"><tbody><tr><td class=\"mob_center\" align=\"left\" valign=\"top\"><a href=\"{site_url}\" target=\"_blank\" style=\"color: #596167; font-family: Arial, Helvetica, sans-serif; font-size: 13px;\"><font face=\"Arial, Helvetica, sans-seri; font-size: 13px;\" color=\"#596167\" size=\"3\"><img src=\"{site_logo}\" alt=\"{site_name}\" style=\"display: block;\" height=\"19\" border=\"0\" width=\"115\"></font></a></td></tr></tbody></table></td></tr></tbody></table></div><!-- Item END--><!--[if gte mso 10]></td><td align=\"right\"><![endif]--><!-- Item --><div class=\"mob_center_bl\" style=\"float: right; display: inline-block; width: 88px;\"><table style=\"border-collapse: collapse;\" align=\"right\" border=\"0\" cellpadding=\"0\" cellspacing=\"0\" width=\"88\"><tbody><tr><td align=\"right\" valign=\"middle\"><!-- padding --><div style=\"height: 20px; line-height: 20px; font-size: 10px;\"></div><table border=\"0\" cellpadding=\"0\" cellspacing=\"0\" width=\"100%\"><tbody><tr><td align=\"right\"><!--social --><div class=\"mob_center_bl\" style=\"width: 88px;\"><table border=\"0\" cellpadding=\"0\" cellspacing=\"0\"><tbody><tr><td style=\"line-height: 19px;\" align=\"center\" width=\"30\"><a href=\"#\" target=\"_blank\" style=\"color: #596167; font-family: Arial, Helvetica, sans-serif; font-size: 12px;\"><font face=\"Arial, Helvetica, sans-serif\" color=\"#596167\" size=\"2\"></font></a></td><td style=\"line-height: 19px;\" align=\"center\" width=\"39\"><a href=\"#\" target=\"_blank\" style=\"color: #596167; font-family: Arial, Helvetica, sans-serif; font-size: 12px;\"><font face=\"Arial, Helvetica, sans-serif\" color=\"#596167\" size=\"2\"></font></a></td><td style=\"line-height: 19px;\" align=\"right\" width=\"29\"><a href=\"#\" target=\"_blank\" style=\"color: #596167; font-family: Arial, Helvetica, sans-serif; font-size: 12px;\"><font face=\"Arial, Helvetica, sans-serif\" color=\"#596167\" size=\"2\"></font></a></td></tr></tbody></table></div><!--social END--></td></tr></tbody></table></td></tr></tbody></table></div><!-- Item END--></td></tr></tbody></table><!-- padding --><div style=\"height: 50px; line-height: 50px; font-size: 10px;\"></div></td></tr><!--header END--><!--content 1 --><tr><td align=\"center\" bgcolor=\"#fbfcfd\"><table border=\"0\" cellpadding=\"0\" cellspacing=\"0\" width=\"90%\"><tbody><tr><td align=\"left\"><!-- padding --><div style=\"height: 40px; line-height: 40px; font-size: 10px;\"></div><div style=\"line-height: 44px;\"><font style=\"font-size: 34px;\" face=\"Arial, Helvetica, sans-serif\" color=\"#57697e\" size=\"5\"><span style=\"font-family: Arial, Helvetica, sans-serif; font-size: 34px; color: #57697e;\">Reset your password!</span></font></div><!-- padding --><div style=\"height: 30px; line-height: 30px; font-size: 10px;\"></div></td></tr><tr><td align=\"left\"><div style=\"line-height: 24px;\"><font style=\"font-size: 15px;\" face=\"Arial, Helvetica, sans-serif\" color=\"#57697e\" size=\"4\"><span style=\"font-family: Arial, Helvetica, sans-serif; font-size: 15px; color: #57697e;\">Hello {staff_name},</span></font></div><!-- padding --><div style=\"height: 20px; line-height: 20px; font-size: 10px;\"></div></td></tr><tr><td align=\"left\"><div style=\"line-height: 24px;\"><font style=\"font-size: 15px;\" face=\"Arial, Helvetica, sans-serif\" color=\"#57697e\" size=\"4\"><span style=\"font-family: Arial, Helvetica, sans-serif; font-size: 15px; color: #57697e;\">You requested that the password be reset for the following account:</span></font></div><div style=\"line-height: 24px;\"><font style=\"font-size: 15px;\" face=\"Arial, Helvetica, sans-serif\" color=\"#57697e\" size=\"4\"><span style=\"font-family: Arial, Helvetica, sans-serif; font-size: 15px; color: #57697e;\">Username: {staff_username}</span></font></div><div style=\"line-height: 24px;\"><font style=\"font-size: 15px;\" face=\"Arial, Helvetica, sans-serif\" color=\"#57697e\" size=\"4\"><span style=\"font-family: Arial, Helvetica, sans-serif; font-size: 15px; color: #57697e;\">Password: {created_password}</span></font></div><!-- padding --><div style=\"height: 20px; line-height: 20px; font-size: 10px;\"></div></td></tr><tr><td align=\"left\"><div style=\"line-height: 24px;\"><font style=\"font-size: 15px;\" face=\"Arial, Helvetica, sans-serif\" color=\"#57697e\" size=\"4\"><span style=\"font-family: Arial, Helvetica, sans-serif; font-size: 15px; color: #57697e;\">Please do not forget to change your password after you login.<br> {signature}</span></font></div><!-- padding --><div style=\"height: 40px; line-height: 40px; font-size: 10px;\"></div></td></tr></tbody></table></td></tr><!--content 1 END--><!--footer --><tr><td class=\"iage_footer\" align=\"center\" bgcolor=\"#ffffff\"><!-- padding --><div style=\"height: 20px; line-height: 20px; font-size: 10px;\"></div><table border=\"0\" cellpadding=\"0\" cellspacing=\"0\" width=\"100%\"><tbody><tr><td align=\"center\"><font style=\"font-size: 13px;\" face=\"Arial, Helvetica, sans-serif\" color=\"#96a5b5\" size=\"3\"><span style=\"font-family: Arial, Helvetica, sans-serif; font-size: 13px; color: #96a5b5;\">2015 © {site_name} All Rights Reserved.</span></font></td></tr></tbody></table><!-- padding --><div style=\"height: 20px; line-height: 20px; font-size: 10px;\"></div></td></tr><!--footer END--><tr><td><!-- padding --><div style=\"height: 80px; line-height: 80px; font-size: 10px;\"></div></td></tr></tbody></table><!--[if gte mso 10]></td></tr></table><![endif]--></td></tr></tbody></table></div>','2016-06-16 00:00:00','2016-06-16 00:00:00'),
(21,11,'order_update','Your Order Update - {order_number}','<div id=\"mailsub\" class=\"notification\" align=\"center\"><table style=\"min-width: 320px;\" border=\"0\" cellpadding=\"0\" cellspacing=\"0\" width=\"100%\"><tbody><tr><td align=\"center\" bgcolor=\"#eff3f8\"><!--[if gte mso 10]><table width=\"680\" border=\"0\" cellspacing=\"0\" cellpadding=\"0\"><tr><td><![endif]--><table class=\"table_width_100\" style=\"max-width: 680px; min-width: 300px;\" border=\"0\" cellpadding=\"0\" cellspacing=\"0\" width=\"100%\"><tbody><tr><td><!-- padding --><div style=\"height: 80px; line-height: 80px; font-size: 10px;\"></div></td></tr><!--header --><tr><td align=\"center\" bgcolor=\"#ffffff\"><!-- padding --><div style=\"height: 30px; line-height: 30px; font-size: 10px;\"></div><table border=\"0\" cellpadding=\"0\" cellspacing=\"0\" width=\"90%\"><tbody><tr><td align=\"left\"><!-- Item --><div class=\"mob_center_bl\" style=\"float: left; display: inline-block; width: 115px;\"><table class=\"mob_center\" style=\"border-collapse: collapse;\" align=\"left\" border=\"0\" cellpadding=\"0\" cellspacing=\"0\" width=\"115\"><tbody><tr><td align=\"left\" valign=\"middle\"><!-- padding --><div style=\"height: 20px; line-height: 20px; font-size: 10px;\"></div><table border=\"0\" cellpadding=\"0\" cellspacing=\"0\" width=\"115\"><tbody><tr><td class=\"mob_center\" align=\"left\" valign=\"top\"><a title=\"\" data-original-title=\"\" href=\"{site_url}\" target=\"_blank\" style=\"color: #596167; font-family: Arial, Helvetica, sans-serif; font-size: 13px;\"><font face=\"Arial, Helvetica, sans-seri; font-size: 13px;\" color=\"#596167\" size=\"3\"><img src=\"{site_logo}\" alt=\"{site_name}\" style=\"display: block;\" height=\"19\" border=\"0\" width=\"115\"></font></a></td></tr></tbody></table></td></tr></tbody></table></div><!-- Item END--><!--[if gte mso 10]></td><td align=\"right\"><![endif]--><!-- Item --><div class=\"mob_center_bl\" style=\"float: right; display: inline-block; width: 88px;\"><table style=\"border-collapse: collapse;\" align=\"right\" border=\"0\" cellpadding=\"0\" cellspacing=\"0\" width=\"88\"><tbody><tr><td align=\"right\" valign=\"middle\"><!-- padding --><div style=\"height: 20px; line-height: 20px; font-size: 10px;\"></div><table border=\"0\" cellpadding=\"0\" cellspacing=\"0\" width=\"100%\"><tbody><tr><td align=\"right\"><!--social --><div class=\"mob_center_bl\" style=\"width: 88px;\"><table border=\"0\" cellpadding=\"0\" cellspacing=\"0\"><tbody><tr><td style=\"line-height: 19px;\" align=\"center\" width=\"30\"><a title=\"\" data-original-title=\"\" href=\"#\" target=\"_blank\" style=\"color: #596167; font-family: Arial, Helvetica, sans-serif; font-size: 12px;\"><font face=\"Arial, Helvetica, sans-serif\" color=\"#596167\" size=\"2\"></font></a></td><td style=\"line-height: 19px;\" align=\"center\" width=\"39\"><a title=\"\" data-original-title=\"\" href=\"#\" target=\"_blank\" style=\"color: #596167; font-family: Arial, Helvetica, sans-serif; font-size: 12px;\"><font face=\"Arial, Helvetica, sans-serif\" color=\"#596167\" size=\"2\"></font></a></td><td style=\"line-height: 19px;\" align=\"right\" width=\"29\"><a title=\"\" data-original-title=\"\" href=\"#\" target=\"_blank\" style=\"color: #596167; font-family: Arial, Helvetica, sans-serif; font-size: 12px;\"><font face=\"Arial, Helvetica, sans-serif\" color=\"#596167\" size=\"2\"></font></a></td></tr></tbody></table></div><!--social END--></td></tr></tbody></table></td></tr></tbody></table></div><!-- Item END--></td></tr></tbody></table><!-- padding --><div style=\"height: 50px; line-height: 50px; font-size: 10px;\"></div></td></tr><!--header END--><!--content 1 --><tr><td align=\"center\" bgcolor=\"#fbfcfd\"><table border=\"0\" cellpadding=\"0\" cellspacing=\"0\" width=\"90%\"><tbody><tr><td align=\"left\"><div style=\"line-height: 24px;\"><font style=\"font-size: 15px;\" face=\"Arial, Helvetica, sans-serif\" color=\"#57697e\" size=\"4\"><span title=\"\" data-original-title=\"\" style=\"font-family: Arial, Helvetica, sans-serif; font-size: 15px; color: #57697e;\">Your order has been updated to the following status: <span title=\"\" data-original-title=\"\" style=\"font-weight: bold;\">{status_name}</span></span></font></div><!-- padding --><div style=\"height: 20px; line-height: 20px; font-size: 10px;\"></div></td></tr><tr><td align=\"left\"><div style=\"line-height: 24px;\"><font style=\"font-size: 15px;\" face=\"Arial, Helvetica, sans-serif\" color=\"#57697e\" size=\"4\"><span title=\"\" data-original-title=\"\" style=\"font-family: Arial, Helvetica, sans-serif; font-size: 15px; color: #57697e;\"><a title=\"\" data-original-title=\"\" href=\"{order_view_url}\">Click here</a> to view your order progress.</span></font><br></div><!-- padding --><div style=\"height: 20px; line-height: 20px; font-size: 10px;\"></div></td></tr><tr><td align=\"left\"><div style=\"line-height: 24px;\"><font style=\"font-size: 15px;\" face=\"Arial, Helvetica, sans-serif\" color=\"#57697e\" size=\"4\"><span title=\"\" data-original-title=\"\" style=\"font-family: Arial, Helvetica, sans-serif; font-size: 15px; color: #57697e;\">Your order number is: <span title=\"\" data-original-title=\"\" style=\"font-weight: bold;\">{order_number}</span></span></font></div><!-- padding --><div style=\"height: 30px; line-height: 30px; font-size: 10px;\"></div></td></tr><tr><td align=\"left\"><div style=\"line-height: 24px;\"><span title=\"\" data-original-title=\"\" style=\"font-weight: bold;\"><font style=\"font-size: 15px;\" face=\"Arial, Helvetica, sans-serif\" color=\"#57697e\" size=\"4\"><span title=\"\" data-original-title=\"\" style=\"font-family: Arial, Helvetica, sans-serif; font-size: 15px; color: #57697e;\">The comments for your order are:</span></font></span></div><div style=\"line-height: 24px;\"><font style=\"font-size: 15px;\" face=\"Arial, Helvetica, sans-serif\" color=\"#57697e\" size=\"4\"><span title=\"\" data-original-title=\"\" style=\"font-family: Arial, Helvetica, sans-serif; font-size: 15px; color: #57697e;\">{status_comment}</span></font></div><!-- padding --><div style=\"height: 40px; line-height: 40px; font-size: 10px;\"></div></td></tr><tr><td align=\"left\"><div style=\"line-height: 24px;\"><font style=\"font-size: 15px;\" face=\"Arial, Helvetica, sans-serif\" color=\"#57697e\" size=\"4\"><span title=\"\" data-original-title=\"\" style=\"font-family: Arial, Helvetica, sans-serif; font-size: 15px; color: #57697e;\">We hope to see you again soon.<br>{signature}</span></font></div><!-- padding --><div style=\"height: 40px; line-height: 40px; font-size: 10px;\"></div></td></tr></tbody></table></td></tr><!--content 1 END--><!--footer --><tr><td class=\"iage_footer\" align=\"center\" bgcolor=\"#ffffff\"><!-- padding --><div style=\"height: 20px; line-height: 20px; font-size: 10px;\"></div><table border=\"0\" cellpadding=\"0\" cellspacing=\"0\" width=\"100%\"><tbody><tr><td align=\"center\"><font style=\"font-size: 13px;\" face=\"Arial, Helvetica, sans-serif\" color=\"#96a5b5\" size=\"3\"><span title=\"\" data-original-title=\"\" style=\"font-family: Arial, Helvetica, sans-serif; font-size: 13px; color: #96a5b5;\">2015 © {site_name} All Rights Reserved.</span></font></td></tr></tbody></table><!-- padding --><div style=\"height: 20px; line-height: 20px; font-size: 10px;\"></div></td></tr><!--footer END--><tr><td><!-- padding --><div style=\"height: 80px; line-height: 80px; font-size: 10px;\"></div></td></tr></tbody></table><!--[if gte mso 10]></td></tr></table><![endif]--></td></tr></tbody></table></div>','2016-06-16 00:00:00','2016-06-16 00:00:00'),
(22,11,'reservation_update','Your Reservation Update - {reservation_number}','<div id=\"mailsub\" class=\"notification\" align=\"center\"><table style=\"min-width: 320px;\" border=\"0\" cellpadding=\"0\" cellspacing=\"0\" width=\"100%\"><tbody><tr><td align=\"center\" bgcolor=\"#eff3f8\"><!--[if gte mso 10]><table width=\"680\" border=\"0\" cellspacing=\"0\" cellpadding=\"0\"><tr><td><![endif]--><table class=\"table_width_100\" style=\"max-width: 680px; min-width: 300px;\" border=\"0\" cellpadding=\"0\" cellspacing=\"0\" width=\"100%\"><tbody><tr><td><!-- padding --><div style=\"height: 80px; line-height: 80px; font-size: 10px;\"></div></td></tr><!--header --><tr><td align=\"center\" bgcolor=\"#ffffff\"><!-- padding --><div style=\"height: 30px; line-height: 30px; font-size: 10px;\"></div><table border=\"0\" cellpadding=\"0\" cellspacing=\"0\" width=\"90%\"><tbody><tr><td align=\"left\"><!-- Item --><div class=\"mob_center_bl\" style=\"float: left; display: inline-block; width: 115px;\"><table class=\"mob_center\" style=\"border-collapse: collapse;\" align=\"left\" border=\"0\" cellpadding=\"0\" cellspacing=\"0\" width=\"115\"><tbody><tr><td align=\"left\" valign=\"middle\"><!-- padding --><div style=\"height: 20px; line-height: 20px; font-size: 10px;\"></div><table border=\"0\" cellpadding=\"0\" cellspacing=\"0\" width=\"115\"><tbody><tr><td class=\"mob_center\" align=\"left\" valign=\"top\"><a title=\"\" data-original-title=\"\" href=\"{site_url}\" target=\"_blank\" style=\"color: #596167; font-family: Arial, Helvetica, sans-serif; font-size: 13px;\"><font face=\"Arial, Helvetica, sans-seri; font-size: 13px;\" color=\"#596167\" size=\"3\"><img src=\"{site_logo}\" alt=\"{site_name}\" style=\"display: block;\" height=\"19\" border=\"0\" width=\"115\"></font></a></td></tr></tbody></table></td></tr></tbody></table></div><!-- Item END--><!--[if gte mso 10]></td><td align=\"right\"><![endif]--><!-- Item --><div class=\"mob_center_bl\" style=\"float: right; display: inline-block; width: 88px;\"><table style=\"border-collapse: collapse;\" align=\"right\" border=\"0\" cellpadding=\"0\" cellspacing=\"0\" width=\"88\"><tbody><tr><td align=\"right\" valign=\"middle\"><!-- padding --><div style=\"height: 20px; line-height: 20px; font-size: 10px;\"></div><table border=\"0\" cellpadding=\"0\" cellspacing=\"0\" width=\"100%\"><tbody><tr><td align=\"right\"><!--social --><div class=\"mob_center_bl\" style=\"width: 88px;\"><table border=\"0\" cellpadding=\"0\" cellspacing=\"0\"><tbody><tr><td style=\"line-height: 19px;\" align=\"center\" width=\"30\"><a title=\"\" data-original-title=\"\" href=\"#\" target=\"_blank\" style=\"color: #596167; font-family: Arial, Helvetica, sans-serif; font-size: 12px;\"><font face=\"Arial, Helvetica, sans-serif\" color=\"#596167\" size=\"2\"></font></a></td><td style=\"line-height: 19px;\" align=\"center\" width=\"39\"><a title=\"\" data-original-title=\"\" href=\"#\" target=\"_blank\" style=\"color: #596167; font-family: Arial, Helvetica, sans-serif; font-size: 12px;\"><font face=\"Arial, Helvetica, sans-serif\" color=\"#596167\" size=\"2\"></font></a></td><td style=\"line-height: 19px;\" align=\"right\" width=\"29\"><a title=\"\" data-original-title=\"\" href=\"#\" target=\"_blank\" style=\"color: #596167; font-family: Arial, Helvetica, sans-serif; font-size: 12px;\"><font face=\"Arial, Helvetica, sans-serif\" color=\"#596167\" size=\"2\"></font></a></td></tr></tbody></table></div><!--social END--></td></tr></tbody></table></td></tr></tbody></table></div><!-- Item END--></td></tr></tbody></table><!-- padding --><div style=\"height: 50px; line-height: 50px; font-size: 10px;\"></div></td></tr><!--header END--><!--content 1 --><tr><td align=\"center\" bgcolor=\"#fbfcfd\"><table border=\"0\" cellpadding=\"0\" cellspacing=\"0\" width=\"90%\"><tbody><tr><td align=\"left\"><div style=\"line-height: 24px;\"><font style=\"font-size: 15px;\" face=\"Arial, Helvetica, sans-serif\" color=\"#57697e\" size=\"4\"><span title=\"\" data-original-title=\"\" style=\"font-family: Arial, Helvetica, sans-serif; font-size: 15px; color: #57697e;\">Your reservation has been updated to the following status: <span title=\"\" data-original-title=\"\" style=\"font-weight: bold;\">{status_name}</span></span></font></div><!-- padding --><div style=\"height: 20px; line-height: 20px; font-size: 10px;\"></div></td></tr><tr><td align=\"left\"><div style=\"line-height: 24px;\"><font style=\"font-size: 15px;\" face=\"Arial, Helvetica, sans-serif\" color=\"#57697e\" size=\"4\"><span title=\"\" data-original-title=\"\" style=\"font-family: Arial, Helvetica, sans-serif; font-size: 15px; color: #57697e;\">Your reservation number: <span title=\"\" data-original-title=\"\" style=\"font-weight: bold;\">{reservation_number}</span> at <span title=\"\" data-original-title=\"\" style=\"font-weight: bold;\">{location_name}</span>.</span></font></div><!-- padding --><div style=\"height: 20px; line-height: 20px; font-size: 10px;\"></div></td></tr><tr><td align=\"left\"><div style=\"line-height: 24px;\"><span title=\"\" data-original-title=\"\" style=\"font-weight: bold;\"><font style=\"font-size: 15px;\" face=\"Arial, Helvetica, sans-serif\" color=\"#57697e\" size=\"4\"><span title=\"\" data-original-title=\"\" style=\"font-family: Arial, Helvetica, sans-serif; font-size: 15px; color: #57697e;\">The comments for your reservation are:</span></font></span></div><div style=\"line-height: 24px;\"><font style=\"font-size: 15px;\" face=\"Arial, Helvetica, sans-serif\" color=\"#57697e\" size=\"4\"><span title=\"\" data-original-title=\"\" style=\"font-family: Arial, Helvetica, sans-serif; font-size: 15px; color: #57697e;\">{status_comment}<br></span></font></div><!-- padding --><div style=\"height: 20px; line-height: 20px; font-size: 10px;\"></div></td></tr><tr><td align=\"left\"><div style=\"line-height: 24px;\"><font style=\"font-size: 15px;\" face=\"Arial, Helvetica, sans-serif\" color=\"#57697e\" size=\"4\"><span title=\"\" data-original-title=\"\" style=\"font-family: Arial, Helvetica, sans-serif; font-size: 15px; color: #57697e;\">We hope to see you again soon.<br>{signature}</span></font></div><!-- padding --><div style=\"height: 40px; line-height: 40px; font-size: 10px;\"></div></td></tr></tbody></table></td></tr><!--content 1 END--><!--footer --><tr><td class=\"iage_footer\" align=\"center\" bgcolor=\"#ffffff\"><!-- padding --><div style=\"height: 20px; line-height: 20px; font-size: 10px;\"></div><table border=\"0\" cellpadding=\"0\" cellspacing=\"0\" width=\"100%\"><tbody><tr><td align=\"center\"><font style=\"font-size: 13px;\" face=\"Arial, Helvetica, sans-serif\" color=\"#96a5b5\" size=\"3\"><span title=\"\" data-original-title=\"\" style=\"font-family: Arial, Helvetica, sans-serif; font-size: 13px; color: #96a5b5;\">2015 © {site_name} All Rights Reserved.</span></font></td></tr></tbody></table><!-- padding --><div style=\"height: 20px; line-height: 20px; font-size: 10px;\"></div></td></tr><!--footer END--><tr><td><!-- padding --><div style=\"height: 80px; line-height: 80px; font-size: 10px;\"></div></td></tr></tbody></table><!--[if gte mso 10]></td></tr></table><![endif]--></td></tr></tbody></table></div>','2016-06-16 00:00:00','2016-06-16 00:00:00')	;
#	TC`oflxreoai_mealtimes`utf8_general_ci	;
CREATE TABLE `oflxreoai_mealtimes` (
  `mealtime_id` int(11) NOT NULL AUTO_INCREMENT,
  `mealtime_name` varchar(128) NOT NULL,
  `start_time` time NOT NULL DEFAULT '00:00:00',
  `end_time` time NOT NULL DEFAULT '23:59:59',
  `mealtime_status` tinyint(1) NOT NULL,
  PRIMARY KEY (`mealtime_id`)
) ENGINE=InnoDB AUTO_INCREMENT=14 DEFAULT CHARSET=utf8	;
#	TD`oflxreoai_mealtimes`utf8_general_ci	;
INSERT INTO `oflxreoai_mealtimes` VALUES 
(11,'Breakfast','04:00:00','10:00:00',1),
(12,'Lunch','12:00:00','14:30:00',1),
(13,'Dinner','19:45:00','20:00:00',1)	;
#	TC`oflxreoai_menu_option_values`utf8_general_ci	;
CREATE TABLE `oflxreoai_menu_option_values` (
  `menu_option_value_id` int(11) NOT NULL AUTO_INCREMENT,
  `menu_option_id` int(11) NOT NULL,
  `menu_id` int(11) NOT NULL,
  `option_id` int(11) NOT NULL,
  `option_value_id` int(11) NOT NULL,
  `new_price` decimal(15,4) DEFAULT NULL,
  `quantity` int(11) NOT NULL,
  `subtract_stock` tinyint(4) NOT NULL,
  PRIMARY KEY (`menu_option_value_id`)
) ENGINE=InnoDB DEFAULT CHARSET=utf8	;
#	TC`oflxreoai_menu_options`utf8_general_ci	;
CREATE TABLE `oflxreoai_menu_options` (
  `menu_option_id` int(11) NOT NULL AUTO_INCREMENT,
  `option_id` int(11) NOT NULL,
  `menu_id` int(11) NOT NULL,
  `required` tinyint(4) NOT NULL,
  `default_value_id` tinyint(4) NOT NULL,
  `option_values` text NOT NULL,
  PRIMARY KEY (`menu_option_id`)
) ENGINE=InnoDB DEFAULT CHARSET=utf8	;
#	TC`oflxreoai_menus`utf8_general_ci	;
CREATE TABLE `oflxreoai_menus` (
  `menu_id` int(11) NOT NULL AUTO_INCREMENT,
  `menu_name` varchar(255) NOT NULL,
  `menu_description` text NOT NULL,
  `menu_price` decimal(15,4) NOT NULL,
  `menu_photo` varchar(255) NOT NULL,
  `menu_category_id` int(11) NOT NULL,
  `stock_qty` int(11) NOT NULL,
  `minimum_qty` int(11) NOT NULL,
  `subtract_stock` tinyint(1) NOT NULL,
  `mealtime_id` int(11) NOT NULL,
  `menu_status` tinyint(1) NOT NULL,
  `menu_priority` int(11) NOT NULL,
  PRIMARY KEY (`menu_id`)
) ENGINE=InnoDB DEFAULT CHARSET=utf8	;
#	TC`oflxreoai_menus_specials`utf8_general_ci	;
CREATE TABLE `oflxreoai_menus_specials` (
  `special_id` int(11) NOT NULL AUTO_INCREMENT,
  `menu_id` int(11) NOT NULL DEFAULT '0',
  `start_date` date NOT NULL,
  `end_date` date NOT NULL,
  `special_price` decimal(15,4) DEFAULT NULL,
  `special_status` tinyint(1) NOT NULL,
  PRIMARY KEY (`special_id`,`menu_id`)
) ENGINE=InnoDB DEFAULT CHARSET=utf8	;
#	TC`oflxreoai_message_meta`utf8_general_ci	;
CREATE TABLE `oflxreoai_message_meta` (
  `message_meta_id` int(11) NOT NULL AUTO_INCREMENT,
  `message_id` int(11) NOT NULL,
  `state` tinyint(1) NOT NULL,
  `status` tinyint(1) NOT NULL,
  `deleted` tinyint(4) NOT NULL,
  `item` varchar(32) NOT NULL,
  `value` text NOT NULL,
  PRIMARY KEY (`message_meta_id`)
) ENGINE=InnoDB DEFAULT CHARSET=utf8	;
#	TC`oflxreoai_messages`utf8_general_ci	;
CREATE TABLE `oflxreoai_messages` (
  `message_id` int(15) NOT NULL AUTO_INCREMENT,
  `sender_id` int(11) NOT NULL,
  `date_added` datetime NOT NULL,
  `send_type` varchar(32) NOT NULL,
  `recipient` varchar(32) NOT NULL,
  `subject` text NOT NULL,
  `body` text NOT NULL,
  `status` tinyint(1) NOT NULL,
  PRIMARY KEY (`message_id`)
) ENGINE=InnoDB DEFAULT CHARSET=utf8	;
#	TC`oflxreoai_migrations`utf8_general_ci	;
CREATE TABLE `oflxreoai_migrations` (
  `type` varchar(40) DEFAULT NULL,
  `version` bigint(20) NOT NULL
) ENGINE=InnoDB DEFAULT CHARSET=utf8	;
#	TD`oflxreoai_migrations`utf8_general_ci	;
INSERT INTO `oflxreoai_migrations` VALUES 
('core',30),
('cart_module',1)	;
#	TC`oflxreoai_option_values`utf8_general_ci	;
CREATE TABLE `oflxreoai_option_values` (
  `option_value_id` int(11) NOT NULL AUTO_INCREMENT,
  `option_id` int(11) NOT NULL,
  `value` varchar(128) NOT NULL,
  `price` decimal(15,4) DEFAULT NULL,
  `priority` int(11) NOT NULL,
  PRIMARY KEY (`option_value_id`)
) ENGINE=InnoDB DEFAULT CHARSET=utf8	;
#	TC`oflxreoai_options`utf8_general_ci	;
CREATE TABLE `oflxreoai_options` (
  `option_id` int(11) NOT NULL AUTO_INCREMENT,
  `option_name` varchar(32) NOT NULL,
  `display_type` varchar(15) NOT NULL,
  `priority` int(11) NOT NULL,
  PRIMARY KEY (`option_id`)
) ENGINE=InnoDB DEFAULT CHARSET=utf8	;
#	TC`oflxreoai_order_menus`utf8_general_ci	;
CREATE TABLE `oflxreoai_order_menus` (
  `order_menu_id` int(11) NOT NULL AUTO_INCREMENT,
  `order_id` int(11) NOT NULL,
  `menu_id` int(11) NOT NULL,
  `name` varchar(255) NOT NULL,
  `quantity` int(11) NOT NULL,
  `price` decimal(15,4) DEFAULT NULL,
  `subtotal` decimal(15,4) DEFAULT NULL,
  `option_values` text NOT NULL,
  `comment` text NOT NULL,
  PRIMARY KEY (`order_menu_id`)
) ENGINE=InnoDB DEFAULT CHARSET=utf8	;
#	TC`oflxreoai_order_options`utf8_general_ci	;
CREATE TABLE `oflxreoai_order_options` (
  `order_option_id` int(11) NOT NULL AUTO_INCREMENT,
  `order_id` int(11) NOT NULL,
  `menu_id` int(11) NOT NULL,
  `order_option_name` varchar(128) NOT NULL,
  `order_option_price` decimal(15,4) DEFAULT NULL,
  `order_menu_id` int(11) NOT NULL,
  `order_menu_option_id` int(11) NOT NULL,
  `menu_option_value_id` int(11) NOT NULL,
  PRIMARY KEY (`order_option_id`)
) ENGINE=InnoDB DEFAULT CHARSET=utf8	;
#	TC`oflxreoai_order_totals`utf8_general_ci	;
CREATE TABLE `oflxreoai_order_totals` (
  `order_total_id` int(11) NOT NULL AUTO_INCREMENT,
  `order_id` int(11) NOT NULL,
  `code` varchar(30) NOT NULL,
  `title` varchar(255) NOT NULL,
  `value` decimal(15,2) NOT NULL,
  `priority` tinyint(1) NOT NULL,
  PRIMARY KEY (`order_total_id`,`order_id`)
) ENGINE=InnoDB DEFAULT CHARSET=utf8	;
#	TC`oflxreoai_orders`utf8_general_ci	;
CREATE TABLE `oflxreoai_orders` (
  `order_id` int(11) NOT NULL AUTO_INCREMENT,
  `customer_id` int(11) NOT NULL,
  `first_name` varchar(32) NOT NULL,
  `last_name` varchar(32) NOT NULL,
  `email` varchar(96) NOT NULL,
  `telephone` varchar(32) NOT NULL,
  `location_id` int(11) NOT NULL,
  `address_id` int(11) NOT NULL,
  `cart` text NOT NULL,
  `total_items` int(11) NOT NULL,
  `comment` text NOT NULL,
  `payment` varchar(35) NOT NULL,
  `order_type` varchar(32) NOT NULL,
  `date_added` datetime NOT NULL,
  `date_modified` date NOT NULL,
  `order_time` time NOT NULL,
  `order_date` date NOT NULL,
  `order_total` decimal(15,4) DEFAULT NULL,
  `status_id` int(11) NOT NULL,
  `ip_address` varchar(40) NOT NULL,
  `user_agent` varchar(255) NOT NULL,
  `notify` tinyint(1) NOT NULL,
  `assignee_id` int(11) NOT NULL,
  `invoice_no` int(11) NOT NULL,
  `invoice_prefix` varchar(32) NOT NULL,
  `invoice_date` datetime NOT NULL,
  PRIMARY KEY (`order_id`)
) ENGINE=InnoDB DEFAULT CHARSET=utf8	;
#	TC`oflxreoai_pages`utf8_general_ci	;
CREATE TABLE `oflxreoai_pages` (
  `page_id` int(11) NOT NULL AUTO_INCREMENT,
  `language_id` int(11) NOT NULL,
  `name` varchar(32) NOT NULL,
  `title` varchar(255) NOT NULL,
  `heading` varchar(255) NOT NULL,
  `content` text NOT NULL,
  `meta_description` varchar(255) NOT NULL,
  `meta_keywords` varchar(255) NOT NULL,
  `layout_id` int(11) NOT NULL,
  `navigation` text NOT NULL,
  `date_added` datetime NOT NULL,
  `date_updated` datetime NOT NULL,
  `status` tinyint(1) NOT NULL,
  PRIMARY KEY (`page_id`)
) ENGINE=InnoDB AUTO_INCREMENT=13 DEFAULT CHARSET=utf8	;
#	TD`oflxreoai_pages`utf8_general_ci	;
INSERT INTO `oflxreoai_pages` VALUES 
(11,11,'About Us','About Us','About Us','<h3 style=\"text-align: center;\"><span style=\"color: #993300;\">Aim</span></h3>\r\n<p>Lorem ipsum dolor sit amet, consectetur adipiscing elit. In venenatis massa ac magna sagittis, sit amet gravida metus gravida. Aenean dictum pellentesque erat, vitae adipiscing libero semper sit amet. Vestibulum nec nunc lorem. Duis vitae libero a libero hendrerit tincidunt in eu tellus. Aliquam consequat ultrices felis ut dictum. Nulla euismod felis a sem mattis ornare. Aliquam ut diam sit amet dolor iaculis molestie ac id nisl. Maecenas hendrerit convallis mi feugiat gravida. Quisque tincidunt, leo a posuere imperdiet, metus leo vestibulum orci, vel volutpat justo ligula id quam. Cras placerat tincidunt lorem eu interdum.</p>\r\n<h3 style=\"text-align: center;\"><span style=\"color: #993300;\">Mission</span></h3>\r\n<p>Ut eu pretium urna. In sed consectetur neque. In ornare odio erat, id ornare arcu euismod a. Ut dapibus sit amet erat commodo vestibulum. Praesent vitae lacus faucibus, rhoncus tortor et, bibendum justo. Etiam pharetra congue orci, eget aliquam orci. Lorem ipsum dolor sit amet, consectetur adipiscing elit. Sed eleifend justo eros, sit amet fermentum tellus ullamcorper quis. Cras cursus mi at imperdiet faucibus. Proin iaculis, felis vitae luctus venenatis, ante tortor porta nisi, et ornare magna metus sit amet enim. Phasellus et turpis nec metus aliquet adipiscing. Etiam at augue nec odio lacinia tincidunt. Suspendisse commodo commodo ipsum ac sollicitudin. Nunc nec consequat lacus. Donec gravida rhoncus justo sed elementum.</p>\r\n<h3 style=\"text-align: center;\"><span style=\"color: #a52a2a;\">Vision</span></h3>\r\n<p>Praesent erat massa, consequat a nulla et, eleifend facilisis risus. Nullam libero mi, bibendum id eleifend vitae, imperdiet a nulla. Fusce congue porta ultricies. Vivamus felis lectus, egestas at pretium vitae, posuere a nibh. Mauris lobortis urna nec rhoncus consectetur. Fusce sed placerat sem. Nulla venenatis elit risus, non auctor arcu lobortis eleifend. Ut aliquet vitae velit a faucibus. Suspendisse quis risus sit amet arcu varius malesuada. Vestibulum vitae massa consequat, euismod lorem a, euismod lacus. Duis sagittis dolor risus, ac vehicula mauris lacinia quis. Nulla facilisi. Duis tristique ipsum nec egestas auctor. Nullam in felis vel ligula dictum tincidunt nec a neque. Praesent in egestas elit.</p>','','',17,'a:2:{i:0;s:8:\"side_bar\";i:1;s:6:\"footer\";}','2014-04-19 16:57:21','2015-05-07 12:39:52',1),
(12,11,'Policy','Policy','Policy','<div id=\"lipsum\">\r\n<p>Lorem ipsum dolor sit amet, consectetur adipiscing elit. Etiam ligula eros, semper a lorem et, venenatis volutpat dolor. Pellentesque hendrerit lectus feugiat nulla cursus, quis dapibus dolor porttitor. Donec velit enim, adipiscing ac orci id, congue tincidunt arcu. Proin egestas nulla eget leo scelerisque, et semper diam ornare. Suspendisse potenti. Suspendisse vitae bibendum enim. Duis eu ligula hendrerit, lacinia felis in, mollis nisi. Sed gravida arcu in laoreet dictum. Nulla faucibus lectus a mollis dapibus. Fusce vehicula convallis urna, et congue nulla ultricies in. Nulla magna velit, bibendum eu odio et, euismod rhoncus sem. Nullam quis magna fermentum, ultricies neque nec, blandit neque. Etiam nec congue arcu. Curabitur sed tellus quam. Cras adipiscing odio odio, et porttitor dui suscipit eget. Aliquam non est commodo, elementum turpis at, pellentesque lorem.</p>\r\n<p>Duis nec diam diam. Lorem ipsum dolor sit amet, consectetur adipiscing elit. Duis vulputate est et lorem sagittis, et mollis libero ultricies. Nunc ultrices tortor vel convallis varius. In dolor dolor, scelerisque ac faucibus ut, aliquet ac sem. Praesent consectetur lacus quis tristique posuere. Nulla sed ultricies odio. Cras tristique vulputate facilisis.</p>\r\n<p>Mauris at metus in magna condimentum gravida eu tincidunt urna. Praesent sodales vel mi eu condimentum. Suspendisse in luctus purus. Vestibulum dignissim, metus non luctus accumsan, odio ligula pharetra massa, in eleifend turpis risus in diam. Sed non lorem nibh. Nam at feugiat urna. Curabitur interdum, diam sit amet pulvinar blandit, mauris ante scelerisque nisi, sit amet placerat mi nunc eget orci. Nulla eget quam sit amet risus rhoncus lacinia a ut eros. Praesent non libero nisi. Mauris tincidunt at purus sit amet adipiscing. Donec interdum, velit nec dignissim vehicula, libero ipsum imperdiet ligula, lacinia mattis augue dui ac lacus. Aenean molestie sed nunc at pulvinar. Fusce ornare lacus non venenatis rhoncus.</p>\r\n<p>Aenean at enim luctus ante commodo consequat nec ut mi. Sed porta adipiscing tempus. Aliquam sit amet ullamcorper ipsum, id adipiscing quam. Fusce iaculis odio ut nisi convallis hendrerit. Morbi auctor adipiscing ligula, sit amet aliquet ante consectetur at. Donec vulputate neque eleifend libero pellentesque, vitae lacinia enim ornare. Vestibulum fermentum erat blandit, ultricies felis ac, facilisis augue. Nulla facilisis mi porttitor, interdum diam in, lobortis ipsum. In molestie quam nisl, lacinia convallis tellus fermentum ac. Nulla quis velit augue. Fusce accumsan, lacus et lobortis blandit, neque magna gravida enim, dignissim ultricies tortor dui in dolor. Vestibulum vel convallis justo, quis venenatis elit. Aliquam erat volutpat. Nunc quis iaculis ligula. Suspendisse dictum sodales neque vitae faucibus. Fusce id tellus pretium, varius nunc et, placerat metus.</p>\r\n<p>Pellentesque quis facilisis mauris. Phasellus porta, metus a dignissim viverra, est elit luctus erat, nec ultricies ligula lorem eget sapien. Pellentesque ac justo velit. Maecenas semper accumsan nulla eget rhoncus. Aliquam vel urna sed nibh dignissim auctor. Integer volutpat lacus ac purus convallis, at lobortis nisi tincidunt. Vestibulum condimentum elit ac sapien placerat, at ornare libero hendrerit. Cras tincidunt nunc sit amet ante bibendum tempor. Fusce quam orci, suscipit sed eros quis, vulputate molestie metus. Nam hendrerit vitae felis et porttitor. Proin et commodo velit, id porta erat. Donec eu consectetur odio. Fusce porta odio risus. Aliquam vel erat feugiat, vestibulum elit eget, ornare sapien. Sed sed nulla justo. Sed a dolor eu justo lacinia blandit</p>\r\n</div>','','',17,'a:2:{i:0;s:8:\"side_bar\";i:1;s:6:\"footer\";}','2014-04-19 17:21:23','2015-05-16 09:18:39',1)	;
#	TC`oflxreoai_permalinks`utf8_general_ci	;
CREATE TABLE `oflxreoai_permalinks` (
  `permalink_id` int(11) NOT NULL AUTO_INCREMENT,
  `slug` varchar(255) NOT NULL,
  `controller` varchar(255) NOT NULL,
  `query` varchar(255) NOT NULL,
  PRIMARY KEY (`permalink_id`),
  UNIQUE KEY `uniqueSlug` (`slug`,`controller`)
) ENGINE=InnoDB AUTO_INCREMENT=12 DEFAULT CHARSET=utf8	;
#	TD`oflxreoai_permalinks`utf8_general_ci	;
INSERT INTO `oflxreoai_permalinks` VALUES 
(11,'about-us','pages','page_id=11')	;
#	TC`oflxreoai_permissions`utf8_general_ci	;
CREATE TABLE `oflxreoai_permissions` (
  `permission_id` int(11) NOT NULL AUTO_INCREMENT,
  `name` varchar(128) NOT NULL,
  `description` varchar(255) NOT NULL,
  `action` text NOT NULL,
  `status` tinyint(1) NOT NULL,
  PRIMARY KEY (`permission_id`)
) ENGINE=InnoDB AUTO_INCREMENT=57 DEFAULT CHARSET=utf8	;
#	TD`oflxreoai_permissions`utf8_general_ci	;
INSERT INTO `oflxreoai_permissions` VALUES 
(11,'Admin.Banners','Ability to access, manage, add and delete banners','a:4:{i:0;s:6:\"access\";i:1;s:6:\"manage\";i:2;s:3:\"add\";i:3;s:6:\"delete\";}',1),
(12,'Admin.Categories','Ability to access, manage, add and delete categories','a:4:{i:0;s:6:\"access\";i:1;s:6:\"manage\";i:2;s:3:\"add\";i:3;s:6:\"delete\";}',1),
(13,'Site.Countries','Ability to manage, add and delete site countries','a:3:{i:0;s:6:\"manage\";i:1;s:3:\"add\";i:2;s:6:\"delete\";}',1),
(14,'Admin.Coupons','Ability to access, manage, add and delete coupons','a:4:{i:0;s:6:\"access\";i:1;s:6:\"manage\";i:2;s:3:\"add\";i:3;s:6:\"delete\";}',1),
(15,'Site.Currencies','Ability to access, manage, add and delete site currencies','a:3:{i:0;s:6:\"manage\";i:1;s:3:\"add\";i:2;s:6:\"delete\";}',1),
(16,'Admin.CustomerGroups','Ability to access, manage, add and delete customer groups','a:4:{i:0;s:6:\"access\";i:1;s:6:\"manage\";i:2;s:3:\"add\";i:3;s:6:\"delete\";}',1),
(17,'Admin.Customers','Ability to access, manage, add and delete customers','a:4:{i:0;s:6:\"access\";i:1;s:6:\"manage\";i:2;s:3:\"add\";i:3;s:6:\"delete\";}',1),
(18,'Admin.CustomersOnline','Ability to access online customers','a:1:{i:0;s:6:\"access\";}',1),
(19,'Admin.Maintenance','Ability to access, backup, restore and migrate database','a:4:{i:0;s:6:\"access\";i:1;s:6:\"manage\";i:2;s:3:\"add\";i:3;s:6:\"delete\";}',1),
(20,'Admin.ErrorLogs','Ability to access and delete error logs file','a:2:{i:0;s:6:\"access\";i:1;s:6:\"delete\";}',1),
(21,'Admin.Extensions','Ability to access, manage, add and delete extension','a:4:{i:0;s:6:\"access\";i:1;s:6:\"manage\";i:2;s:3:\"add\";i:3;s:6:\"delete\";}',1),
(22,'Admin.MediaManager','Ability to access, manage, add and delete media items','a:4:{i:0;s:6:\"access\";i:1;s:6:\"manage\";i:2;s:3:\"add\";i:3;s:6:\"delete\";}',1),
(23,'Site.Languages','Ability to manage, add and delete site languages','a:3:{i:0;s:6:\"manage\";i:1;s:3:\"add\";i:2;s:6:\"delete\";}',1),
(24,'Site.Layouts','Ability to manage, add and delete site layouts','a:3:{i:0;s:6:\"manage\";i:1;s:3:\"add\";i:2;s:6:\"delete\";}',1),
(25,'Admin.Locations','Ability to access, manage, add and delete locations','a:4:{i:0;s:6:\"access\";i:1;s:6:\"manage\";i:2;s:3:\"add\";i:3;s:6:\"delete\";}',1),
(26,'Admin.MailTemplates','Ability to access, manage, add and delete mail templates','a:4:{i:0;s:6:\"access\";i:1;s:6:\"manage\";i:2;s:3:\"add\";i:3;s:6:\"delete\";}',1),
(27,'Admin.MenuOptions','Ability to access, manage, add and delete menu option items','a:4:{i:0;s:6:\"access\";i:1;s:6:\"manage\";i:2;s:3:\"add\";i:3;s:6:\"delete\";}',1),
(28,'Admin.Menus','Ability to access, manage, add and delete menu items','a:4:{i:0;s:6:\"access\";i:1;s:6:\"manage\";i:2;s:3:\"add\";i:3;s:6:\"delete\";}',1),
(29,'Admin.Messages','Ability to add and delete messages','a:2:{i:0;s:3:\"add\";i:1;s:6:\"delete\";}',1),
(30,'Admin.Orders','Ability to access, manage, add and delete orders','a:4:{i:0;s:6:\"access\";i:1;s:6:\"manage\";i:2;s:3:\"add\";i:3;s:6:\"delete\";}',1),
(31,'Site.Pages','Ability to manage, add and delete site pages','a:3:{i:0;s:6:\"manage\";i:1;s:3:\"add\";i:2;s:6:\"delete\";}',1),
(32,'Admin.Payments','Ability to access, add and delete extension payments','a:3:{i:0;s:6:\"access\";i:1;s:3:\"add\";i:2;s:6:\"delete\";}',1),
(33,'Admin.Permissions','Ability to manage, add and delete staffs permissions','a:3:{i:0;s:6:\"manage\";i:1;s:3:\"add\";i:2;s:6:\"delete\";}',1),
(34,'Admin.Ratings','Ability to add and delete review ratings','a:2:{i:0;s:3:\"add\";i:1;s:6:\"delete\";}',1),
(35,'Admin.Reservations','Ability to access, manage, add and delete reservations','a:4:{i:0;s:6:\"access\";i:1;s:6:\"manage\";i:2;s:3:\"add\";i:3;s:6:\"delete\";}',1),
(36,'Admin.Reviews','Ability to access, manage, add and delete user reviews','a:4:{i:0;s:6:\"access\";i:1;s:6:\"manage\";i:2;s:3:\"add\";i:3;s:6:\"delete\";}',1),
(37,'Admin.SecurityQuestions','Ability to add and delete customer registration security questions','a:2:{i:0;s:3:\"add\";i:1;s:6:\"delete\";}',1),
(38,'Site.Settings','Ability to manage system settings','a:1:{i:0;s:6:\"manage\";}',1),
(39,'Admin.StaffGroups','Ability to access, manage, add and delete staff groups','a:4:{i:0;s:6:\"access\";i:1;s:6:\"manage\";i:2;s:3:\"add\";i:3;s:6:\"delete\";}',1),
(40,'Admin.Staffs','Ability to access, manage, add and delete staffs','a:4:{i:0;s:6:\"access\";i:1;s:6:\"manage\";i:2;s:3:\"add\";i:3;s:6:\"delete\";}',1),
(42,'Admin.Statuses','Ability to access, manage, add and delete orders and reservations statuses','a:4:{i:0;s:6:\"access\";i:1;s:6:\"manage\";i:2;s:3:\"add\";i:3;s:6:\"delete\";}',1),
(43,'Admin.Tables','Ability to access, manage, add and delete reservations tables','a:4:{i:0;s:6:\"access\";i:1;s:6:\"manage\";i:2;s:3:\"add\";i:3;s:6:\"delete\";}',1),
(44,'Site.Themes','Ability to access, manage site themes','a:4:{i:0;s:6:\"access\";i:1;s:6:\"manage\";i:2;s:3:\"add\";i:3;s:6:\"delete\";}',1),
(45,'Module.AccountModule','Ability to manage account module','a:1:{i:0;s:6:\"manage\";}',1),
(46,'Module.BannersModule','Ability to manage banners module','a:1:{i:0;s:6:\"manage\";}',1),
(47,'Module.CartModule','Ability to manage cart module','a:1:{i:0;s:6:\"manage\";}',1),
(48,'Module.CategoriesModule','Ability to manage categories module','a:1:{i:0;s:6:\"manage\";}',1),
(49,'Module.LocalModule','Ability to manage local module','a:1:{i:0;s:6:\"manage\";}',1),
(50,'Module.PagesModule','Ability to manage pages module','a:1:{i:0;s:6:\"manage\";}',1),
(51,'Module.ReservationModule','Ability to manage reservation module','a:1:{i:0;s:6:\"manage\";}',1),
(52,'Module.Slideshow','Ability to manage slideshow module','a:1:{i:0;s:6:\"manage\";}',1),
(53,'Payment.Cod','Ability to manage cash on delivery payment','a:1:{i:0;s:6:\"manage\";}',1),
(54,'Payment.PaypalExpress','Ability to manage paypal express payment','a:1:{i:0;s:6:\"manage\";}',1),
(55,'Site.Updates','Ability to apply updates when a new version of TastyIgniter is available','a:1:{i:0;s:3:\"add\";}',1),
(56,'Admin.Mealtimes','Ability to access, manage, add and delete mealtimes','a:4:{i:0;s:6:\"access\";i:1;s:6:\"manage\";i:2;s:3:\"add\";i:3;s:6:\"delete\";}',1)	;
#	TC`oflxreoai_pp_payments`utf8_general_ci	;
CREATE TABLE `oflxreoai_pp_payments` (
  `transaction_id` varchar(19) NOT NULL,
  `order_id` int(11) NOT NULL,
  `customer_id` int(11) NOT NULL,
  `serialized` text NOT NULL,
  PRIMARY KEY (`transaction_id`)
) ENGINE=InnoDB DEFAULT CHARSET=utf8	;
#	TC`oflxreoai_reservations`utf8_general_ci	;
CREATE TABLE `oflxreoai_reservations` (
  `reservation_id` int(32) NOT NULL AUTO_INCREMENT,
  `location_id` int(11) NOT NULL,
  `table_id` int(11) NOT NULL,
  `guest_num` int(11) NOT NULL,
  `occasion_id` int(11) NOT NULL,
  `customer_id` int(11) NOT NULL,
  `first_name` varchar(45) NOT NULL,
  `last_name` varchar(45) NOT NULL,
  `email` varchar(96) NOT NULL,
  `telephone` varchar(45) NOT NULL,
  `comment` text NOT NULL,
  `reserve_time` time NOT NULL,
  `reserve_date` date NOT NULL,
  `date_added` date NOT NULL,
  `date_modified` date NOT NULL,
  `assignee_id` int(11) NOT NULL,
  `notify` tinyint(1) NOT NULL,
  `ip_address` varchar(40) NOT NULL,
  `user_agent` varchar(255) NOT NULL,
  `status` tinyint(1) NOT NULL,
  PRIMARY KEY (`reservation_id`,`location_id`,`table_id`)
) ENGINE=InnoDB DEFAULT CHARSET=utf8	;
#	TC`oflxreoai_reviews`utf8_general_ci	;
CREATE TABLE `oflxreoai_reviews` (
  `review_id` int(11) NOT NULL AUTO_INCREMENT,
  `customer_id` int(11) NOT NULL,
  `sale_id` int(11) NOT NULL,
  `sale_type` varchar(32) NOT NULL DEFAULT '',
  `author` varchar(32) NOT NULL,
  `location_id` int(11) NOT NULL,
  `quality` int(11) NOT NULL,
  `delivery` int(11) NOT NULL,
  `service` int(11) NOT NULL,
  `review_text` text NOT NULL,
  `date_added` datetime NOT NULL,
  `review_status` tinyint(1) NOT NULL,
  PRIMARY KEY (`review_id`,`sale_type`,`sale_id`)
) ENGINE=InnoDB DEFAULT CHARSET=utf8	;
#	TC`oflxreoai_security_questions`utf8_general_ci	;
CREATE TABLE `oflxreoai_security_questions` (
  `question_id` int(11) NOT NULL AUTO_INCREMENT,
  `text` text NOT NULL,
  `priority` tinyint(1) NOT NULL,
  PRIMARY KEY (`question_id`)
) ENGINE=InnoDB AUTO_INCREMENT=17 DEFAULT CHARSET=utf8	;
#	TD`oflxreoai_security_questions`utf8_general_ci	;
INSERT INTO `oflxreoai_security_questions` VALUES 
(11,'Whats your pets name?',1),
(12,'What high school did you attend?',2),
(13,'What is your father\'s middle name?',6),
(14,'What is your mother\'s name?',3),
(15,'What is your place of birth?',4),
(16,'Whats your favourite teacher\'s name?',5)	;
#	TC`oflxreoai_settings`utf8_general_ci	;
CREATE TABLE `oflxreoai_settings` (
  `setting_id` int(11) NOT NULL AUTO_INCREMENT,
  `sort` varchar(45) NOT NULL,
  `item` varchar(255) NOT NULL,
  `value` text NOT NULL,
  `serialized` tinyint(1) NOT NULL,
  PRIMARY KEY (`setting_id`),
  UNIQUE KEY `item` (`item`)
) ENGINE=InnoDB AUTO_INCREMENT=11855 DEFAULT CHARSET=utf8	;
#	TD`oflxreoai_settings`utf8_general_ci	;
INSERT INTO `oflxreoai_settings` VALUES 
(7870,'prefs','mail_template_id','11',0),
(10972,'prefs','ti_setup','installed',0),
(10979,'prefs','default_themes','a:2:{s:5:\"admin\";s:11:\"zinc-admin/\";s:4:\"main\";s:20:\"tastyigniter-orange/\";}\n',1),
(10980,'prefs','active_theme_options','a:1:{s:4:\"main\";a:2:{i:0;s:19:\"tastyigniter-orange\";i:1;a:0:{}}}',1),
(10981,'ratings','ratings','a:1:{s:7:\"ratings\";a:5:{i:1;s:3:\"Bad\";i:2;s:5:\"Worse\";i:3;s:4:\"Good\";i:4;s:7:\"Average\";i:5;s:9:\"Excellent\";}}',1),
(11521,'prefs','last_version_check','a:2:{s:18:\"last_version_check\";s:19:\"27-07-2016 09:47:57\";s:4:\"core\";O:8:\"stdClass\":2:{s:10:\"stable_tag\";s:5:\"2.1.1\";s:7:\"version\";s:14:\"v2.1.1 Pancake\";}}',1),
(11588,'prefs','main_address','a:14:{s:11:\"location_id\";s:1:\"1\";s:13:\"location_name\";s:34:\"زنك - سندويشة البيت\";s:9:\"address_1\";s:58:\"شارع جامعة النجاح - الحرم القديم\";s:9:\"address_2\";s:34:\"قرب سويرماركت دريم\";s:4:\"city\";s:10:\"نابلس\";s:5:\"state\";s:0:\"\";s:8:\"postcode\";s:0:\"\";s:10:\"country_id\";s:3:\"222\";s:7:\"country\";s:14:\"United Kingdom\";s:10:\"iso_code_2\";s:2:\"GB\";s:10:\"iso_code_3\";s:3:\"GBR\";s:12:\"location_lat\";s:8:\"0.000000\";s:12:\"location_lng\";s:8:\"0.000000\";s:6:\"format\";s:59:\"{address_1}\n{address_2}\n{city} {postcode} {state}\n{country}\";}',1),
(11589,'prefs','default_location_id','1',0),
(11722,'prefs','ti_version','2.1.0',0),
(11789,'config','site_name','ZINC',0),
(11790,'config','site_email','aleksandern08@gmail.com',0),
(11791,'config','site_logo','data/side_1.png',0),
(11792,'config','country_id','222',0),
(11793,'config','timezone','Europe/London',0),
(11794,'config','date_format','%j%S %F %Y',0),
(11795,'config','time_format','%h:%i %A',0),
(11796,'config','currency_id','226',0),
(11797,'config','auto_update_currency_rates','0',0),
(11798,'config','accepted_currencies','a:3:{i:0;s:2:\"13\";i:1;s:3:\"154\";i:2;s:3:\"226\";}',1),
(11799,'config','detect_language','0',0),
(11800,'config','language_id','english',0),
(11801,'config','admin_language_id','english',0),
(11802,'config','customer_group_id','11',0),
(11803,'config','page_limit','20',0),
(11804,'config','meta_description','مطعمنا يقدم الساندوشات اللذيذة بالخبز المصنوع لدينا بالصاج و خبز الحمام و البرغر و بمكونات عالية الجودة بالبهارات و الصوص الخاص بنا. صاج برغر, برغر, روست بيف, تيركي, مرتديلا, لبنة, مجدوس, سلامي, بطاطا فرايز و تويستر و وجبات لذيذة و متنوعة',0),
(11805,'config','meta_keywords','صاج, ساندويش, برغر, بطاطا, فرايز, هوت دوغ, لبنة, مرتديلا, سلامي, تيركي, روست بيف, مجدوس, زيتون, خبز, زنك, ساندويشات, sandwiches, saj, burger, hot dog, roast beef, turkey, salami, deli',0),
(11806,'config','menus_page_limit','20',0),
(11807,'config','show_menu_images','1',0),
(11808,'config','menu_images_h','80',0),
(11809,'config','menu_images_w','95',0),
(11810,'config','tax_mode','0',0),
(11811,'config','tax_percentage','',0),
(11812,'config','tax_menu_price','0',0),
(11813,'config','tax_delivery_charge','0',0),
(11814,'config','stock_checkout','0',0),
(11815,'config','show_stock_warning','1',0),
(11816,'config','registration_terms','0',0),
(11817,'config','checkout_terms','0',0),
(11818,'config','maps_api_key','',0),
(11819,'config','distance_unit','km',0),
(11820,'config','future_orders','1',0),
(11821,'config','location_order','1',0),
(11822,'config','allow_reviews','0',0),
(11823,'config','approve_reviews','1',0),
(11824,'config','default_order_status','11',0),
(11825,'config','processing_order_status','a:2:{i:0;s:2:\"12\";i:1;s:2:\"13\";}',1),
(11826,'config','completed_order_status','a:2:{i:0;s:2:\"14\";i:1;s:2:\"15\";}',1),
(11827,'config','canceled_order_status','19',0),
(11828,'config','auto_invoicing','0',0),
(11829,'config','invoice_prefix','INV-{year}-00',0),
(11830,'config','guest_order','0',0),
(11831,'config','delivery_time','50',0),
(11832,'config','collection_time','30',0),
(11833,'config','reservation_mode','0',0),
(11834,'config','default_reservation_status','18',0),
(11835,'config','confirmed_reservation_status','16',0),
(11836,'config','canceled_reservation_status','17',0),
(11837,'config','reservation_time_interval','45',0),
(11838,'config','reservation_stay_time','60',0),
(11839,'config','image_manager','a:11:{s:8:\"max_size\";s:3:\"300\";s:11:\"thumb_width\";s:3:\"320\";s:12:\"thumb_height\";s:3:\"220\";s:7:\"uploads\";s:1:\"1\";s:10:\"new_folder\";s:1:\"1\";s:4:\"copy\";s:1:\"1\";s:4:\"move\";s:1:\"1\";s:6:\"rename\";s:1:\"1\";s:6:\"delete\";s:1:\"1\";s:15:\"transliteration\";s:1:\"0\";s:13:\"remember_days\";s:1:\"7\";}',1),
(11840,'config','registration_email','a:1:{i:0;s:8:\"customer\";}',1),
(11841,'config','order_email','a:3:{i:0;s:8:\"customer\";i:1;s:5:\"admin\";i:2;s:8:\"location\";}',1),
(11842,'config','reservation_email','a:1:{i:0;s:8:\"customer\";}',1),
(11843,'config','protocol','mail',0),
(11844,'config','smtp_host','smtp.gmail.com',0),
(11845,'config','smtp_port','465',0),
(11846,'config','smtp_user','admin',0),
(11847,'config','smtp_pass','qweasd123',0),
(11848,'config','customer_online_time_out','120',0),
(11849,'config','customer_online_archive_time_out','0',0),
(11850,'config','permalink','1',0),
(11851,'config','maintenance_mode','0',0),
(11852,'config','maintenance_message','Site is under maintenance. Please check back later.',0),
(11853,'config','cache_mode','0',0),
(11854,'config','cache_time','0',0)	;
#	TC`oflxreoai_staff_groups`utf8_general_ci	;
CREATE TABLE `oflxreoai_staff_groups` (
  `staff_group_id` int(11) NOT NULL AUTO_INCREMENT,
  `staff_group_name` varchar(32) NOT NULL,
  `customer_account_access` tinyint(4) NOT NULL,
  `location_access` tinyint(1) NOT NULL,
  `permissions` text NOT NULL,
  PRIMARY KEY (`staff_group_id`)
) ENGINE=InnoDB AUTO_INCREMENT=12 DEFAULT CHARSET=utf8	;
#	TD`oflxreoai_staff_groups`utf8_general_ci	;
INSERT INTO `oflxreoai_staff_groups` VALUES 
(11,'Administrator',1,0,'a:46:{i:11;a:4:{i:0;s:6:\"access\";i:1;s:6:\"manage\";i:2;s:3:\"add\";i:3;s:6:\"delete\";}i:12;a:4:{i:0;s:6:\"access\";i:1;s:6:\"manage\";i:2;s:3:\"add\";i:3;s:6:\"delete\";}i:13;a:3:{i:0;s:6:\"manage\";i:1;s:3:\"add\";i:2;s:6:\"delete\";}i:14;a:4:{i:0;s:6:\"access\";i:1;s:6:\"manage\";i:2;s:3:\"add\";i:3;s:6:\"delete\";}i:15;a:3:{i:0;s:6:\"manage\";i:1;s:3:\"add\";i:2;s:6:\"delete\";}i:16;a:4:{i:0;s:6:\"access\";i:1;s:6:\"manage\";i:2;s:3:\"add\";i:3;s:6:\"delete\";}i:17;a:4:{i:0;s:6:\"access\";i:1;s:6:\"manage\";i:2;s:3:\"add\";i:3;s:6:\"delete\";}i:18;a:1:{i:0;s:6:\"access\";}i:19;a:4:{i:0;s:6:\"access\";i:1;s:6:\"manage\";i:2;s:3:\"add\";i:3;s:6:\"delete\";}i:20;a:2:{i:0;s:6:\"access\";i:1;s:6:\"delete\";}i:21;a:4:{i:0;s:6:\"access\";i:1;s:6:\"manage\";i:2;s:3:\"add\";i:3;s:6:\"delete\";}i:22;a:4:{i:0;s:6:\"access\";i:1;s:6:\"manage\";i:2;s:3:\"add\";i:3;s:6:\"delete\";}i:25;a:4:{i:0;s:6:\"access\";i:1;s:6:\"manage\";i:2;s:3:\"add\";i:3;s:6:\"delete\";}i:26;a:4:{i:0;s:6:\"access\";i:1;s:6:\"manage\";i:2;s:3:\"add\";i:3;s:6:\"delete\";}i:27;a:4:{i:0;s:6:\"access\";i:1;s:6:\"manage\";i:2;s:3:\"add\";i:3;s:6:\"delete\";}i:28;a:4:{i:0;s:6:\"access\";i:1;s:6:\"manage\";i:2;s:3:\"add\";i:3;s:6:\"delete\";}i:29;a:2:{i:0;s:3:\"add\";i:1;s:6:\"delete\";}i:30;a:4:{i:0;s:6:\"access\";i:1;s:6:\"manage\";i:2;s:3:\"add\";i:3;s:6:\"delete\";}i:32;a:3:{i:0;s:6:\"access\";i:1;s:3:\"add\";i:2;s:6:\"delete\";}i:33;a:3:{i:0;s:6:\"manage\";i:1;s:3:\"add\";i:2;s:6:\"delete\";}i:34;a:2:{i:0;s:3:\"add\";i:1;s:6:\"delete\";}i:35;a:4:{i:0;s:6:\"access\";i:1;s:6:\"manage\";i:2;s:3:\"add\";i:3;s:6:\"delete\";}i:36;a:4:{i:0;s:6:\"access\";i:1;s:6:\"manage\";i:2;s:3:\"add\";i:3;s:6:\"delete\";}i:37;a:2:{i:0;s:3:\"add\";i:1;s:6:\"delete\";}i:39;a:4:{i:0;s:6:\"access\";i:1;s:6:\"manage\";i:2;s:3:\"add\";i:3;s:6:\"delete\";}i:40;a:4:{i:0;s:6:\"access\";i:1;s:6:\"manage\";i:2;s:3:\"add\";i:3;s:6:\"delete\";}i:41;a:2:{i:0;s:6:\"access\";i:1;s:6:\"manage\";}i:42;a:4:{i:0;s:6:\"access\";i:1;s:6:\"manage\";i:2;s:3:\"add\";i:3;s:6:\"delete\";}i:43;a:4:{i:0;s:6:\"access\";i:1;s:6:\"manage\";i:2;s:3:\"add\";i:3;s:6:\"delete\";}i:23;a:3:{i:0;s:6:\"manage\";i:1;s:3:\"add\";i:2;s:6:\"delete\";}i:24;a:3:{i:0;s:6:\"manage\";i:1;s:3:\"add\";i:2;s:6:\"delete\";}i:31;a:3:{i:0;s:6:\"manage\";i:1;s:3:\"add\";i:2;s:6:\"delete\";}i:38;a:1:{i:0;s:6:\"manage\";}i:44;a:4:{i:0;s:6:\"access\";i:1;s:6:\"manage\";i:2;s:3:\"add\";i:3;s:6:\"delete\";}i:45;a:1:{i:0;s:6:\"manage\";}i:46;a:1:{i:0;s:6:\"manage\";}i:47;a:1:{i:0;s:6:\"manage\";}i:48;a:1:{i:0;s:6:\"manage\";}i:49;a:1:{i:0;s:6:\"manage\";}i:50;a:1:{i:0;s:6:\"manage\";}i:51;a:1:{i:0;s:6:\"manage\";}i:52;a:1:{i:0;s:6:\"manage\";}i:53;a:1:{i:0;s:6:\"manage\";}i:54;a:1:{i:0;s:6:\"manage\";}i:55;a:1:{i:0;s:3:\"add\";}i:56;a:4:{i:0;s:6:\"access\";i:1;s:6:\"manage\";i:2;s:3:\"add\";i:3;s:6:\"delete\";}}')	;
#	TC`oflxreoai_staffs`utf8_general_ci	;
CREATE TABLE `oflxreoai_staffs` (
  `staff_id` int(11) NOT NULL AUTO_INCREMENT,
  `staff_name` varchar(32) NOT NULL,
  `staff_email` varchar(96) NOT NULL,
  `staff_group_id` int(11) NOT NULL,
  `staff_location_id` int(11) NOT NULL,
  `timezone` varchar(32) NOT NULL,
  `language_id` int(11) NOT NULL,
  `date_added` date NOT NULL,
  `staff_status` tinyint(1) NOT NULL,
  PRIMARY KEY (`staff_id`),
  UNIQUE KEY `staff_email` (`staff_email`)
) ENGINE=InnoDB AUTO_INCREMENT=13 DEFAULT CHARSET=utf8	;
#	TD`oflxreoai_staffs`utf8_general_ci	;
INSERT INTO `oflxreoai_staffs` VALUES 
(11,'admin','aleksandern08@gmail.com',11,0,'0',11,'2016-06-16',1),
(12,'staff','staff@staff.staff',12,0,'',0,'2016-06-30',1)	;
#	TC`oflxreoai_status_history`utf8_general_ci	;
CREATE TABLE `oflxreoai_status_history` (
  `status_history_id` int(11) NOT NULL AUTO_INCREMENT,
  `object_id` int(11) NOT NULL,
  `staff_id` int(11) NOT NULL,
  `assignee_id` int(11) NOT NULL,
  `status_id` int(11) NOT NULL,
  `notify` tinyint(1) NOT NULL,
  `status_for` varchar(32) NOT NULL,
  `comment` text NOT NULL,
  `date_added` datetime NOT NULL,
  PRIMARY KEY (`status_history_id`)
) ENGINE=InnoDB DEFAULT CHARSET=utf8	;
#	TC`oflxreoai_statuses`utf8_general_ci	;
CREATE TABLE `oflxreoai_statuses` (
  `status_id` int(15) NOT NULL AUTO_INCREMENT,
  `status_name` varchar(45) NOT NULL,
  `status_comment` text NOT NULL,
  `notify_customer` tinyint(1) NOT NULL,
  `status_for` varchar(10) NOT NULL,
  `status_color` varchar(32) NOT NULL,
  PRIMARY KEY (`status_id`)
) ENGINE=InnoDB AUTO_INCREMENT=20 DEFAULT CHARSET=utf8	;
#	TD`oflxreoai_statuses`utf8_general_ci	;
INSERT INTO `oflxreoai_statuses` VALUES 
(11,'Received','Your order has been received.',1,'order','#686663'),
(12,'Pending','Your order is pending',1,'order','#f0ad4e'),
(13,'Preparation','Your order is in the kitchen',1,'order','#00c0ef'),
(14,'Delivery','Your order will be with you shortly.',0,'order','#00a65a'),
(15,'Completed','',0,'order','#00a65a'),
(16,'Confirmed','Your table reservation has been confirmed.',0,'reserve','#00a65a'),
(17,'Canceled','Your table reservation has been canceled.',0,'reserve','#dd4b39'),
(18,'Pending','Your table reservation is pending.',0,'reserve',''),
(19,'Canceled','',0,'order','#ea0b29')	;
#	TC`oflxreoai_tables`utf8_general_ci	;
CREATE TABLE `oflxreoai_tables` (
  `table_id` int(11) NOT NULL AUTO_INCREMENT,
  `table_name` varchar(32) NOT NULL,
  `min_capacity` int(11) NOT NULL,
  `max_capacity` int(11) NOT NULL,
  `table_status` tinyint(1) NOT NULL,
  PRIMARY KEY (`table_id`)
) ENGINE=InnoDB DEFAULT CHARSET=utf8	;
#	TC`oflxreoai_uri_routes`utf8_general_ci	;
CREATE TABLE `oflxreoai_uri_routes` (
  `uri_route_id` int(11) NOT NULL AUTO_INCREMENT,
  `uri_route` varchar(255) NOT NULL,
  `controller` varchar(128) NOT NULL,
  `priority` tinyint(11) NOT NULL,
  PRIMARY KEY (`uri_route_id`,`uri_route`)
) ENGINE=InnoDB AUTO_INCREMENT=4 DEFAULT CHARSET=utf8	;
#	TD`oflxreoai_uri_routes`utf8_general_ci	;
INSERT INTO `oflxreoai_uri_routes` VALUES 
(1,'locations','local/locations',1),
(2,'account','account/account',2),
(3,'(:any)','pages',3)	;
#	TC`oflxreoai_users`utf8_general_ci	;
CREATE TABLE `oflxreoai_users` (
  `user_id` int(11) NOT NULL AUTO_INCREMENT,
  `staff_id` int(11) NOT NULL,
  `username` varchar(32) NOT NULL,
  `password` varchar(40) NOT NULL,
  `salt` varchar(9) NOT NULL,
  PRIMARY KEY (`user_id`,`staff_id`,`username`)
) ENGINE=InnoDB AUTO_INCREMENT=13 DEFAULT CHARSET=utf8	;
#	TD`oflxreoai_users`utf8_general_ci	;
INSERT INTO `oflxreoai_users` VALUES 
(11,11,'admin','409c20cbafee7200493d3f6da12fcb7b19051870','877b91d8a'),
(12,12,'staff','b4026d69c42891ed22385df0b230b61af0f7f2b6','9edd4f6b7')	;
#	TC`oflxreoai_working_hours`utf8_general_ci	;
CREATE TABLE `oflxreoai_working_hours` (
  `location_id` int(11) NOT NULL,
  `weekday` int(11) NOT NULL,
  `opening_time` time NOT NULL DEFAULT '00:00:00',
  `closing_time` time NOT NULL DEFAULT '00:00:00',
  `status` tinyint(1) NOT NULL,
  `type` varchar(32) NOT NULL,
  PRIMARY KEY (`location_id`,`weekday`,`type`)
) ENGINE=InnoDB DEFAULT CHARSET=utf8	;
#	TD`oflxreoai_working_hours`utf8_general_ci	;
INSERT INTO `oflxreoai_working_hours` VALUES 
(1,0,'09:00:00','22:59:00',1,'collection'),
(1,0,'09:00:00','22:59:00',1,'delivery'),
(1,0,'09:00:00','22:59:00',1,'opening'),
(1,1,'09:00:00','22:59:00',1,'collection'),
(1,1,'09:00:00','22:59:00',1,'delivery'),
(1,1,'09:00:00','22:59:00',1,'opening'),
(1,2,'09:00:00','23:59:00',1,'collection'),
(1,2,'09:00:00','23:59:00',1,'delivery'),
(1,2,'09:00:00','23:59:00',1,'opening'),
(1,3,'00:00:00','22:59:00',1,'collection'),
(1,3,'00:00:00','22:59:00',1,'delivery'),
(1,3,'00:00:00','22:59:00',1,'opening'),
(1,4,'00:00:00','22:59:00',0,'collection'),
(1,4,'00:00:00','22:59:00',0,'delivery'),
(1,4,'00:00:00','22:59:00',0,'opening'),
(1,5,'09:00:00','23:59:00',1,'collection'),
(1,5,'09:00:00','23:59:00',1,'delivery'),
(1,5,'09:00:00','23:59:00',1,'opening'),
(1,6,'09:00:00','22:59:00',1,'collection'),
(1,6,'09:00:00','22:59:00',1,'delivery'),
(1,6,'09:00:00','22:59:00',1,'opening')	;
